trip_id,arrival_time,departure_time,stop_id,stop_sequence,stop_headsign,pickup_type,drop_off_type,shape_dist_traveled
LIN1_T01,06:30:00,06:30:00,LIN1F001,1,,,,
LIN1_T01,06:31:00,06:31:00,LIN1F002,2,,,,
LIN1_T01,06:32:00,06:32:00,LIN1F003,3,,,,
LIN1_T01,06:33:00,06:33:00,LIN1F004,4,,,,
LIN1_T01,06:35:00,06:35:00,LIN1F005,5,,,,
LIN1_T01,06:36:00,06:36:00,LIN1F006,6,,,,
LIN1_T01,06:37:00,06:37:00,LIN1F007,7,,,,
LIN1_T01,06:38:00,06:38:00,LIN1F008,8,,,,
LIN1_T01,06:39:00,06:39:00,LIN1F009,9,,,,
LIN1_T01,06:41:00,06:41:00,LIN1F010,10,,,,
LIN1_T01,06:42:00,06:42:00,LIN1F011,11,,,,
LIN1_T01,06:43:00,06:43:00,LIN1F012,12,,,,
LIN1_T01,06:44:00,06:44:00,LIN1F013,13,,,,
LIN1_T01,06:45:00,06:45:00,LIN1F014,14,,,,
LIN1_T01,06:46:00,06:46:00,LIN1F015,15,,,,
LIN1_T01,06:47:00,06:47:00,LIN1F016,16,,,,
LIN1_T01,06:48:00,06:48:00,LIN1F017,17,,,,
LIN1_T01,06:49:00,06:49:00,LIN1F018,18,,,,
LIN1_T01,06:50:00,06:50:00,LIN1F019,19,,,,
LIN1_T01,06:52:00,06:52:00,LIN1F020,20,,,,
LIN1_T01,06:54:00,06:54:00,LIN1F021,21,,,,
LIN1_T01,06:55:00,06:55:00,LIN1F022,22,,,,
LIN1_T01,06:56:00,06:56:00,LIN1F023,23,,,,
LIN1_T01,06:57:00,06:57:00,LIN1F024,24,,,,
LIN1_T01,06:58:00,06:58:00,LIN1F025,25,,,,
LIN1_T01,06:59:00,06:59:00,LIN1F026,26,,,,
LIN1_T01,07:00:00,07:00:00,LIN1F027,27,,,,
LIN1_T01,07:01:00,07:01:00,LIN1F028,28,,,,
LIN1_T01,07:02:00,07:02:00,LIN1F029,29,,,,
LIN1_T01,07:03:00,07:03:00,LIN1F030,30,,,,
LIN1_T01,07:04:00,07:04:00,LIN1F031,31,,,,
LIN1_T01,07:05:00,07:05:00,LIN1F033,32,,,,
LIN1_T01,07:06:00,07:06:00,LIN1F034,33,,,,
LIN1_T01,07:07:00,07:07:00,LIN1F035,34,,,,
LIN1_T01,07:09:00,07:09:00,LIN1F036,35,,,,
LIN1_T01,07:10:00,07:10:00,LIN1F037,36,,,,
LIN1_T01,07:11:00,07:11:00,LIN1F038,37,,,,
LIN1_T01,07:12:00,07:12:00,LIN1F039,38,,,,
LIN1_T01,07:13:00,07:13:00,LIN1F040,39,,,,
LIN1_T01,07:14:00,07:14:00,LIN1F041,40,,,,
LIN1_T01,07:16:00,07:16:00,LIN1F042,41,,,,
LIN1_T01,07:18:00,07:18:00,LIN1F043,42,,,,
LIN1_T01,07:19:00,07:19:00,LIN1F044,43,,,,
LIN1_T02,07:20:00,07:20:00,LIN1F001,1,,,,
LIN1_T02,07:21:00,07:21:00,LIN1F002,2,,,,
LIN1_T02,07:22:00,07:22:00,LIN1F003,3,,,,
LIN1_T02,07:23:00,07:23:00,LIN1F004,4,,,,
LIN1_T02,07:25:00,07:25:00,LIN1F005,5,,,,
LIN1_T02,07:26:00,07:26:00,LIN1F006,6,,,,
LIN1_T02,07:27:00,07:27:00,LIN1F007,7,,,,
LIN1_T02,07:28:00,07:28:00,LIN1F008,8,,,,
LIN1_T02,07:29:00,07:29:00,LIN1F009,9,,,,
LIN1_T02,07:31:00,07:31:00,LIN1F010,10,,,,
LIN1_T02,07:32:00,07:32:00,LIN1F011,11,,,,
LIN1_T02,07:33:00,07:33:00,LIN1F012,12,,,,
LIN1_T02,07:34:00,07:34:00,LIN1F013,13,,,,
LIN1_T02,07:35:00,07:35:00,LIN1F014,14,,,,
LIN1_T02,07:36:00,07:36:00,LIN1F015,15,,,,
LIN1_T02,07:37:00,07:37:00,LIN1F016,16,,,,
LIN1_T02,07:38:00,07:38:00,LIN1F017,17,,,,
LIN1_T02,07:39:00,07:39:00,LIN1F018,18,,,,
LIN1_T02,07:40:00,07:40:00,LIN1F019,19,,,,
LIN1_T02,07:42:00,07:42:00,LIN1F020,20,,,,
LIN1_T02,07:44:00,07:44:00,LIN1F021,21,,,,
LIN1_T02,07:45:00,07:45:00,LIN1F022,22,,,,
LIN1_T02,07:46:00,07:46:00,LIN1F023,23,,,,
LIN1_T02,07:47:00,07:47:00,LIN1F024,24,,,,
LIN1_T02,07:48:00,07:48:00,LIN1F025,25,,,,
LIN1_T02,07:49:00,07:49:00,LIN1F026,26,,,,
LIN1_T02,07:50:00,07:50:00,LIN1F027,27,,,,
LIN1_T02,07:51:00,07:51:00,LIN1F028,28,,,,
LIN1_T02,07:52:00,07:52:00,LIN1F029,29,,,,
LIN1_T02,07:54:00,07:54:00,LIN1F032,30,,,,
LIN1_T02,07:55:00,07:55:00,LIN1F033,31,,,,
LIN1_T02,07:56:00,07:56:00,LIN1F034,32,,,,
LIN1_T02,07:57:00,07:57:00,LIN1F035,33,,,,
LIN1_T02,07:59:00,07:59:00,LIN1F036,34,,,,
LIN1_T02,08:00:00,08:00:00,LIN1F037,35,,,,
LIN1_T02,08:01:00,08:01:00,LIN1F038,36,,,,
LIN1_T02,08:02:00,08:02:00,LIN1F039,37,,,,
LIN1_T02,08:03:00,08:03:00,LIN1F040,38,,,,
LIN1_T02,08:04:00,08:04:00,LIN1F041,39,,,,
LIN1_T02,08:06:00,08:06:00,LIN1F042,40,,,,
LIN1_T02,08:08:00,08:08:00,LIN1F043,41,,,,
LIN1_T02,08:09:00,08:09:00,LIN1F044,42,,,,
LIN1_T03,08:20:00,08:20:00,LIN1F001,1,,,,
LIN1_T03,08:21:00,08:21:00,LIN1F002,2,,,,
LIN1_T03,08:22:00,08:22:00,LIN1F003,3,,,,
LIN1_T03,08:23:00,08:23:00,LIN1F004,4,,,,
LIN1_T03,08:25:00,08:25:00,LIN1F005,5,,,,
LIN1_T03,08:26:00,08:26:00,LIN1F006,6,,,,
LIN1_T03,08:27:00,08:27:00,LIN1F007,7,,,,
LIN1_T03,08:28:00,08:28:00,LIN1F008,8,,,,
LIN1_T03,08:29:00,08:29:00,LIN1F009,9,,,,
LIN1_T03,08:31:00,08:31:00,LIN1F010,10,,,,
LIN1_T03,08:32:00,08:32:00,LIN1F011,11,,,,
LIN1_T03,08:33:00,08:33:00,LIN1F012,12,,,,
LIN1_T03,08:34:00,08:34:00,LIN1F013,13,,,,
LIN1_T03,08:35:00,08:35:00,LIN1F014,14,,,,
LIN1_T03,08:36:00,08:36:00,LIN1F015,15,,,,
LIN1_T03,08:37:00,08:37:00,LIN1F016,16,,,,
LIN1_T03,08:38:00,08:38:00,LIN1F017,17,,,,
LIN1_T03,08:39:00,08:39:00,LIN1F018,18,,,,
LIN1_T03,08:40:00,08:40:00,LIN1F019,19,,,,
LIN1_T03,08:42:00,08:42:00,LIN1F020,20,,,,
LIN1_T03,08:44:00,08:44:00,LIN1F021,21,,,,
LIN1_T03,08:45:00,08:45:00,LIN1F022,22,,,,
LIN1_T03,08:46:00,08:46:00,LIN1F023,23,,,,
LIN1_T03,08:47:00,08:47:00,LIN1F024,24,,,,
LIN1_T03,08:48:00,08:48:00,LIN1F025,25,,,,
LIN1_T03,08:49:00,08:49:00,LIN1F026,26,,,,
LIN1_T03,08:50:00,08:50:00,LIN1F027,27,,,,
LIN1_T03,08:51:00,08:51:00,LIN1F028,28,,,,
LIN1_T03,08:52:00,08:52:00,LIN1F029,29,,,,
LIN1_T03,08:53:00,08:53:00,LIN1F030,30,,,,
LIN1_T03,08:54:00,08:54:00,LIN1F031,31,,,,
LIN1_T03,08:55:00,08:55:00,LIN1F033,32,,,,
LIN1_T03,08:56:00,08:56:00,LIN1F034,33,,,,
LIN1_T03,08:57:00,08:57:00,LIN1F035,34,,,,
LIN1_T03,08:59:00,08:59:00,LIN1F036,35,,,,
LIN1_T03,09:00:00,09:00:00,LIN1F037,36,,,,
LIN1_T03,09:01:00,09:01:00,LIN1F038,37,,,,
LIN1_T03,09:02:00,09:02:00,LIN1F039,38,,,,
LIN1_T03,09:03:00,09:03:00,LIN1F040,39,,,,
LIN1_T03,09:04:00,09:04:00,LIN1F041,40,,,,
LIN1_T03,09:06:00,09:06:00,LIN1F042,41,,,,
LIN1_T03,09:08:00,09:08:00,LIN1F043,42,,,,
LIN1_T03,09:09:00,09:09:00,LIN1F044,43,,,,
LIN1_T04,09:10:00,09:10:00,LIN1F001,1,,,,
LIN1_T04,09:11:00,09:11:00,LIN1F002,2,,,,
LIN1_T04,09:12:00,09:12:00,LIN1F003,3,,,,
LIN1_T04,09:13:00,09:13:00,LIN1F004,4,,,,
LIN1_T04,09:15:00,09:15:00,LIN1F005,5,,,,
LIN1_T04,09:16:00,09:16:00,LIN1F006,6,,,,
LIN1_T04,09:17:00,09:17:00,LIN1F007,7,,,,
LIN1_T04,09:18:00,09:18:00,LIN1F008,8,,,,
LIN1_T04,09:19:00,09:19:00,LIN1F009,9,,,,
LIN1_T04,09:21:00,09:21:00,LIN1F010,10,,,,
LIN1_T04,09:22:00,09:22:00,LIN1F011,11,,,,
LIN1_T04,09:23:00,09:23:00,LIN1F012,12,,,,
LIN1_T04,09:24:00,09:24:00,LIN1F013,13,,,,
LIN1_T04,09:25:00,09:25:00,LIN1F014,14,,,,
LIN1_T04,09:26:00,09:26:00,LIN1F015,15,,,,
LIN1_T04,09:27:00,09:27:00,LIN1F016,16,,,,
LIN1_T04,09:28:00,09:28:00,LIN1F017,17,,,,
LIN1_T04,09:29:00,09:29:00,LIN1F018,18,,,,
LIN1_T04,09:30:00,09:30:00,LIN1F019,19,,,,
LIN1_T04,09:32:00,09:32:00,LIN1F020,20,,,,
LIN1_T04,09:34:00,09:34:00,LIN1F021,21,,,,
LIN1_T04,09:35:00,09:35:00,LIN1F022,22,,,,
LIN1_T04,09:36:00,09:36:00,LIN1F023,23,,,,
LIN1_T04,09:37:00,09:37:00,LIN1F024,24,,,,
LIN1_T04,09:38:00,09:38:00,LIN1F025,25,,,,
LIN1_T04,09:39:00,09:39:00,LIN1F026,26,,,,
LIN1_T04,09:40:00,09:40:00,LIN1F027,27,,,,
LIN1_T04,09:41:00,09:41:00,LIN1F028,28,,,,
LIN1_T04,09:42:00,09:42:00,LIN1F029,29,,,,
LIN1_T04,09:43:00,09:43:00,LIN1F030,30,,,,
LIN1_T04,09:44:00,09:44:00,LIN1F031,31,,,,
LIN1_T04,09:45:00,09:45:00,LIN1F033,32,,,,
LIN1_T04,09:46:00,09:46:00,LIN1F034,33,,,,
LIN1_T04,09:47:00,09:47:00,LIN1F035,34,,,,
LIN1_T04,09:49:00,09:49:00,LIN1F036,35,,,,
LIN1_T04,09:50:00,09:50:00,LIN1F037,36,,,,
LIN1_T04,09:51:00,09:51:00,LIN1F038,37,,,,
LIN1_T04,09:52:00,09:52:00,LIN1F039,38,,,,
LIN1_T04,09:53:00,09:53:00,LIN1F040,39,,,,
LIN1_T04,09:54:00,09:54:00,LIN1F041,40,,,,
LIN1_T04,09:56:00,09:56:00,LIN1F042,41,,,,
LIN1_T04,09:58:00,09:58:00,LIN1F043,42,,,,
LIN1_T04,09:59:00,09:59:00,LIN1F044,43,,,,
LIN1_T05,10:10:00,10:10:00,LIN1F001,1,,,,
LIN1_T05,10:11:00,10:11:00,LIN1F002,2,,,,
LIN1_T05,10:12:00,10:12:00,LIN1F003,3,,,,
LIN1_T05,10:13:00,10:13:00,LIN1F004,4,,,,
LIN1_T05,10:15:00,10:15:00,LIN1F005,5,,,,
LIN1_T05,10:16:00,10:16:00,LIN1F006,6,,,,
LIN1_T05,10:17:00,10:17:00,LIN1F007,7,,,,
LIN1_T05,10:18:00,10:18:00,LIN1F008,8,,,,
LIN1_T05,10:19:00,10:19:00,LIN1F009,9,,,,
LIN1_T05,10:21:00,10:21:00,LIN1F010,10,,,,
LIN1_T05,10:22:00,10:22:00,LIN1F011,11,,,,
LIN1_T05,10:23:00,10:23:00,LIN1F012,12,,,,
LIN1_T05,10:24:00,10:24:00,LIN1F013,13,,,,
LIN1_T05,10:25:00,10:25:00,LIN1F014,14,,,,
LIN1_T05,10:26:00,10:26:00,LIN1F015,15,,,,
LIN1_T05,10:27:00,10:27:00,LIN1F016,16,,,,
LIN1_T05,10:28:00,10:28:00,LIN1F017,17,,,,
LIN1_T05,10:29:00,10:29:00,LIN1F018,18,,,,
LIN1_T05,10:30:00,10:30:00,LIN1F019,19,,,,
LIN1_T05,10:32:00,10:32:00,LIN1F020,20,,,,
LIN1_T05,10:34:00,10:34:00,LIN1F021,21,,,,
LIN1_T05,10:35:00,10:35:00,LIN1F022,22,,,,
LIN1_T05,10:36:00,10:36:00,LIN1F023,23,,,,
LIN1_T05,10:37:00,10:37:00,LIN1F024,24,,,,
LIN1_T05,10:38:00,10:38:00,LIN1F025,25,,,,
LIN1_T05,10:39:00,10:39:00,LIN1F026,26,,,,
LIN1_T05,10:40:00,10:40:00,LIN1F027,27,,,,
LIN1_T05,10:41:00,10:41:00,LIN1F028,28,,,,
LIN1_T05,10:42:00,10:42:00,LIN1F029,29,,,,
LIN1_T05,10:43:00,10:43:00,LIN1F030,30,,,,
LIN1_T05,10:44:00,10:44:00,LIN1F031,31,,,,
LIN1_T05,10:45:00,10:45:00,LIN1F033,32,,,,
LIN1_T05,10:46:00,10:46:00,LIN1F034,33,,,,
LIN1_T05,10:47:00,10:47:00,LIN1F035,34,,,,
LIN1_T05,10:49:00,10:49:00,LIN1F036,35,,,,
LIN1_T05,10:50:00,10:50:00,LIN1F037,36,,,,
LIN1_T05,10:51:00,10:51:00,LIN1F038,37,,,,
LIN1_T05,10:52:00,10:52:00,LIN1F039,38,,,,
LIN1_T05,10:53:00,10:53:00,LIN1F040,39,,,,
LIN1_T05,10:54:00,10:54:00,LIN1F041,40,,,,
LIN1_T05,10:56:00,10:56:00,LIN1F042,41,,,,
LIN1_T05,10:58:00,10:58:00,LIN1F043,42,,,,
LIN1_T05,10:59:00,10:59:00,LIN1F044,43,,,,
LIN1_T06,11:00:00,11:00:00,LIN1F001,1,,,,
LIN1_T06,11:01:00,11:01:00,LIN1F002,2,,,,
LIN1_T06,11:02:00,11:02:00,LIN1F003,3,,,,
LIN1_T06,11:03:00,11:03:00,LIN1F004,4,,,,
LIN1_T06,11:05:00,11:05:00,LIN1F005,5,,,,
LIN1_T06,11:06:00,11:06:00,LIN1F006,6,,,,
LIN1_T06,11:07:00,11:07:00,LIN1F007,7,,,,
LIN1_T06,11:08:00,11:08:00,LIN1F008,8,,,,
LIN1_T06,11:09:00,11:09:00,LIN1F009,9,,,,
LIN1_T06,11:11:00,11:11:00,LIN1F010,10,,,,
LIN1_T06,11:12:00,11:12:00,LIN1F011,11,,,,
LIN1_T06,11:13:00,11:13:00,LIN1F012,12,,,,
LIN1_T06,11:14:00,11:14:00,LIN1F013,13,,,,
LIN1_T06,11:15:00,11:15:00,LIN1F014,14,,,,
LIN1_T06,11:16:00,11:16:00,LIN1F015,15,,,,
LIN1_T06,11:17:00,11:17:00,LIN1F016,16,,,,
LIN1_T06,11:18:00,11:18:00,LIN1F017,17,,,,
LIN1_T06,11:19:00,11:19:00,LIN1F018,18,,,,
LIN1_T06,11:20:00,11:20:00,LIN1F019,19,,,,
LIN1_T06,11:22:00,11:22:00,LIN1F020,20,,,,
LIN1_T06,11:24:00,11:24:00,LIN1F021,21,,,,
LIN1_T06,11:25:00,11:25:00,LIN1F022,22,,,,
LIN1_T06,11:26:00,11:26:00,LIN1F023,23,,,,
LIN1_T06,11:27:00,11:27:00,LIN1F024,24,,,,
LIN1_T06,11:28:00,11:28:00,LIN1F025,25,,,,
LIN1_T06,11:29:00,11:29:00,LIN1F026,26,,,,
LIN1_T06,11:30:00,11:30:00,LIN1F027,27,,,,
LIN1_T06,11:31:00,11:31:00,LIN1F028,28,,,,
LIN1_T06,11:32:00,11:32:00,LIN1F029,29,,,,
LIN1_T06,11:33:00,11:33:00,LIN1F030,30,,,,
LIN1_T06,11:34:00,11:34:00,LIN1F031,31,,,,
LIN1_T06,11:35:00,11:35:00,LIN1F033,32,,,,
LIN1_T06,11:36:00,11:36:00,LIN1F034,33,,,,
LIN1_T06,11:37:00,11:37:00,LIN1F035,34,,,,
LIN1_T06,11:39:00,11:39:00,LIN1F036,35,,,,
LIN1_T06,11:40:00,11:40:00,LIN1F037,36,,,,
LIN1_T06,11:41:00,11:41:00,LIN1F038,37,,,,
LIN1_T06,11:42:00,11:42:00,LIN1F039,38,,,,
LIN1_T06,11:43:00,11:43:00,LIN1F040,39,,,,
LIN1_T06,11:44:00,11:44:00,LIN1F041,40,,,,
LIN1_T06,11:46:00,11:46:00,LIN1F042,41,,,,
LIN1_T06,11:48:00,11:48:00,LIN1F043,42,,,,
LIN1_T06,11:49:00,11:49:00,LIN1F044,43,,,,
LIN1_T07,11:55:00,11:55:00,LIN1F001,1,,,,
LIN1_T07,11:56:00,11:56:00,LIN1F002,2,,,,
LIN1_T07,11:57:00,11:57:00,LIN1F003,3,,,,
LIN1_T07,11:58:00,11:58:00,LIN1F004,4,,,,
LIN1_T07,12:00:00,12:00:00,LIN1F005,5,,,,
LIN1_T07,12:01:00,12:01:00,LIN1F006,6,,,,
LIN1_T07,12:03:00,12:03:00,LIN1F007,7,,,,
LIN1_T07,12:04:00,12:04:00,LIN1F008,8,,,,
LIN1_T07,12:05:00,12:05:00,LIN1F009,9,,,,
LIN1_T07,12:07:00,12:07:00,LIN1F010,10,,,,
LIN1_T07,12:08:00,12:08:00,LIN1F011,11,,,,
LIN1_T07,12:09:00,12:09:00,LIN1F012,12,,,,
LIN1_T07,12:10:00,12:10:00,LIN1F013,13,,,,
LIN1_T07,12:12:00,12:12:00,LIN1F014,14,,,,
LIN1_T07,12:13:00,12:13:00,LIN1F015,15,,,,
LIN1_T07,12:14:00,12:14:00,LIN1F016,16,,,,
LIN1_T07,12:15:00,12:15:00,LIN1F017,17,,,,
LIN1_T07,12:16:00,12:16:00,LIN1F018,18,,,,
LIN1_T07,12:17:00,12:17:00,LIN1F019,19,,,,
LIN1_T07,12:19:00,12:19:00,LIN1F020,20,,,,
LIN1_T07,12:21:00,12:21:00,LIN1F021,21,,,,
LIN1_T07,12:22:00,12:22:00,LIN1F022,22,,,,
LIN1_T07,12:24:00,12:24:00,LIN1F023,23,,,,
LIN1_T07,12:25:00,12:25:00,LIN1F024,24,,,,
LIN1_T07,12:26:00,12:26:00,LIN1F025,25,,,,
LIN1_T07,12:27:00,12:27:00,LIN1F026,26,,,,
LIN1_T07,12:28:00,12:28:00,LIN1F027,27,,,,
LIN1_T07,12:29:00,12:29:00,LIN1F028,28,,,,
LIN1_T07,12:30:00,12:30:00,LIN1F029,29,,,,
LIN1_T07,12:31:00,12:31:00,LIN1F030,30,,,,
LIN1_T07,12:32:00,12:32:00,LIN1F031,31,,,,
LIN1_T07,12:34:00,12:34:00,LIN1F033,32,,,,
LIN1_T07,12:35:00,12:35:00,LIN1F034,33,,,,
LIN1_T07,12:36:00,12:36:00,LIN1F035,34,,,,
LIN1_T07,12:38:00,12:38:00,LIN1F036,35,,,,
LIN1_T07,12:39:00,12:39:00,LIN1F037,36,,,,
LIN1_T07,12:40:00,12:40:00,LIN1F038,37,,,,
LIN1_T07,12:41:00,12:41:00,LIN1F039,38,,,,
LIN1_T07,12:42:00,12:42:00,LIN1F040,39,,,,
LIN1_T07,12:43:00,12:43:00,LIN1F041,40,,,,
LIN1_T08,12:45:00,12:45:00,LIN1F001,1,,,,
LIN1_T08,12:46:00,12:46:00,LIN1F002,2,,,,
LIN1_T08,12:47:00,12:47:00,LIN1F003,3,,,,
LIN1_T08,12:48:00,12:48:00,LIN1F004,4,,,,
LIN1_T08,12:50:00,12:50:00,LIN1F005,5,,,,
LIN1_T08,12:51:00,12:51:00,LIN1F006,6,,,,
LIN1_T08,12:53:00,12:53:00,LIN1F007,7,,,,
LIN1_T08,12:54:00,12:54:00,LIN1F008,8,,,,
LIN1_T08,12:55:00,12:55:00,LIN1F009,9,,,,
LIN1_T08,12:57:00,12:57:00,LIN1F010,10,,,,
LIN1_T08,12:58:00,12:58:00,LIN1F011,11,,,,
LIN1_T08,12:59:00,12:59:00,LIN1F012,12,,,,
LIN1_T08,13:00:00,13:00:00,LIN1F013,13,,,,
LIN1_T08,13:02:00,13:02:00,LIN1F014,14,,,,
LIN1_T08,13:03:00,13:03:00,LIN1F015,15,,,,
LIN1_T08,13:04:00,13:04:00,LIN1F016,16,,,,
LIN1_T08,13:05:00,13:05:00,LIN1F017,17,,,,
LIN1_T08,13:06:00,13:06:00,LIN1F018,18,,,,
LIN1_T08,13:07:00,13:07:00,LIN1F019,19,,,,
LIN1_T08,13:09:00,13:09:00,LIN1F020,20,,,,
LIN1_T08,13:11:00,13:11:00,LIN1F021,21,,,,
LIN1_T08,13:12:00,13:12:00,LIN1F022,22,,,,
LIN1_T08,13:14:00,13:14:00,LIN1F023,23,,,,
LIN1_T08,13:15:00,13:15:00,LIN1F024,24,,,,
LIN1_T08,13:16:00,13:16:00,LIN1F025,25,,,,
LIN1_T08,13:17:00,13:17:00,LIN1F026,26,,,,
LIN1_T08,13:18:00,13:18:00,LIN1F027,27,,,,
LIN1_T08,13:19:00,13:19:00,LIN1F028,28,,,,
LIN1_T08,13:20:00,13:20:00,LIN1F029,29,,,,
LIN1_T08,13:23:00,13:23:00,LIN1F031,30,,,,
LIN1_T08,13:24:00,13:24:00,LIN1F032,31,,,,
LIN1_T08,13:25:00,13:25:00,LIN1F033,32,,,,
LIN1_T08,13:26:00,13:26:00,LIN1F034,33,,,,
LIN1_T08,13:28:00,13:28:00,LIN1F035,34,,,,
LIN1_T08,13:29:00,13:29:00,LIN1F036,35,,,,
LIN1_T08,13:30:00,13:30:00,LIN1F037,36,,,,
LIN1_T08,13:31:00,13:31:00,LIN1F038,37,,,,
LIN1_T08,13:32:00,13:32:00,LIN1F039,38,,,,
LIN1_T08,13:33:00,13:33:00,LIN1F040,39,,,,
LIN2_T01,06:40:00,06:40:00,LIN1F001,1,,,,
LIN2_T01,06:41:00,06:41:00,LIN1F002,2,,,,
LIN2_T01,06:42:00,06:42:00,LIN1F003,3,,,,
LIN2_T01,06:43:00,06:43:00,LIN2F004,4,,,,
LIN2_T01,06:44:00,06:44:00,LIN2F005,5,,,,
LIN2_T01,06:46:00,06:46:00,LIN2F006,6,,,,
LIN2_T01,06:47:00,06:47:00,LIN2F007,7,,,,
LIN2_T01,06:48:00,06:48:00,LIN2F008,8,,,,
LIN2_T01,06:49:00,06:49:00,LIN2F009,9,,,,
LIN2_T01,06:50:00,06:50:00,LIN2F010,10,,,,
LIN2_T01,06:51:00,06:51:00,LIN2F011,11,,,,
LIN2_T01,06:52:00,06:52:00,LIN2F012,12,,,,
LIN2_T01,06:53:00,06:53:00,LIN2F013,13,,,,
LIN2_T01,06:54:00,06:54:00,LIN2F015,14,,,,
LIN2_T01,06:56:00,06:56:00,LIN2F016,15,,,,
LIN2_T01,06:57:00,06:57:00,LIN2F017,16,,,,
LIN2_T01,06:59:00,06:59:00,LIN2F018,17,,,,
LIN2_T01,07:00:00,07:00:00,LIN2F019,18,,,,
LIN2_T01,07:01:00,07:01:00,LIN2F020,19,,,,
LIN2_T01,07:03:00,07:03:00,LIN1F009,20,,,,
LIN2_T01,07:04:00,07:04:00,LIN1F010,21,,,,
LIN2_T01,07:05:00,07:05:00,LIN1F011,22,,,,
LIN2_T01,07:06:00,07:06:00,LIN1F012,23,,,,
LIN2_T01,07:07:00,07:07:00,LIN1F013,24,,,,
LIN2_T01,07:08:00,07:08:00,LIN1F014,25,,,,
LIN2_T01,07:09:00,07:09:00,LIN1F015,26,,,,
LIN2_T01,07:10:00,07:10:00,LIN1F016,27,,,,
LIN2_T01,07:11:00,07:11:00,LIN1F017,28,,,,
LIN2_T01,07:12:00,07:12:00,LIN1F018,29,,,,
LIN2_T01,07:13:00,07:13:00,LIN1F019,30,,,,
LIN2_T01,07:14:00,07:14:00,LIN1F020,31,,,,
LIN2_T01,07:17:00,07:17:00,LIN2F034,32,,,,
LIN2_T01,07:18:00,07:18:00,LIN2F035,33,,,,
LIN2_T01,07:19:00,07:19:00,LIN2F036,34,,,,
LIN2_T01,07:20:00,07:20:00,LIN2F037,35,,,,
LIN2_T01,07:21:00,07:21:00,LIN2F038,36,,,,
LIN2_T01,07:22:00,07:22:00,LIN2F039,37,,,,
LIN2_T01,07:23:00,07:23:00,LIN2F040,38,,,,
LIN2_T01,07:24:00,07:24:00,LIN1F041,39,,,,
LIN2_T01,07:26:00,07:26:00,LIN1F042,40,,,,
LIN2_T01,07:28:00,07:28:00,LIN1F043,41,,,,
LIN2_T01,07:29:00,07:29:00,LIN1F044,42,,,,
LIN2_T02,07:30:00,07:30:00,LIN1F001,1,,,,
LIN2_T02,07:31:00,07:31:00,LIN1F002,2,,,,
LIN2_T02,07:32:00,07:32:00,LIN1F003,3,,,,
LIN2_T02,07:33:00,07:33:00,LIN2F004,4,,,,
LIN2_T02,07:34:00,07:34:00,LIN2F005,5,,,,
LIN2_T02,07:36:00,07:36:00,LIN2F006,6,,,,
LIN2_T02,07:37:00,07:37:00,LIN2F007,7,,,,
LIN2_T02,07:38:00,07:38:00,LIN2F008,8,,,,
LIN2_T02,07:39:00,07:39:00,LIN2F009,9,,,,
LIN2_T02,07:40:00,07:40:00,LIN2F010,10,,,,
LIN2_T02,07:41:00,07:41:00,LIN2F011,11,,,,
LIN2_T02,07:44:00,07:44:00,LIN2F015,12,,,,
LIN2_T02,07:46:00,07:46:00,LIN2F016,13,,,,
LIN2_T02,07:47:00,07:47:00,LIN2F017,14,,,,
LIN2_T02,07:49:00,07:49:00,LIN2F018,15,,,,
LIN2_T02,07:50:00,07:50:00,LIN2F019,16,,,,
LIN2_T02,07:51:00,07:51:00,LIN2F020,17,,,,
LIN2_T02,07:53:00,07:53:00,LIN1F009,18,,,,
LIN2_T02,07:54:00,07:54:00,LIN1F010,19,,,,
LIN2_T02,07:55:00,07:55:00,LIN1F011,20,,,,
LIN2_T02,07:56:00,07:56:00,LIN1F012,21,,,,
LIN2_T02,07:57:00,07:57:00,LIN1F013,22,,,,
LIN2_T02,07:58:00,07:58:00,LIN1F014,23,,,,
LIN2_T02,07:59:00,07:59:00,LIN1F015,24,,,,
LIN2_T02,08:00:00,08:00:00,LIN1F016,25,,,,
LIN2_T02,08:01:00,08:01:00,LIN1F017,26,,,,
LIN2_T02,08:02:00,08:02:00,LIN1F018,27,,,,
LIN2_T02,08:03:00,08:03:00,LIN1F019,28,,,,
LIN2_T02,08:04:00,08:04:00,LIN1F020,29,,,,
LIN2_T02,08:07:00,08:07:00,LIN2F034,30,,,,
LIN2_T02,08:08:00,08:08:00,LIN2F035,31,,,,
LIN2_T02,08:09:00,08:09:00,LIN2F036,32,,,,
LIN2_T02,08:10:00,08:10:00,LIN2F037,33,,,,
LIN2_T02,08:11:00,08:11:00,LIN2F038,34,,,,
LIN2_T02,08:12:00,08:12:00,LIN2F039,35,,,,
LIN2_T02,08:13:00,08:13:00,LIN2F040,36,,,,
LIN2_T02,08:14:00,08:14:00,LIN1F041,37,,,,
LIN2_T02,08:16:00,08:16:00,LIN1F042,38,,,,
LIN2_T02,08:18:00,08:18:00,LIN1F043,39,,,,
LIN2_T02,08:19:00,08:19:00,LIN1F044,40,,,,
LIN2_T03,08:30:00,08:30:00,LIN1F001,1,,,,
LIN2_T03,08:31:00,08:31:00,LIN1F002,2,,,,
LIN2_T03,08:32:00,08:32:00,LIN1F003,3,,,,
LIN2_T03,08:33:00,08:33:00,LIN2F004,4,,,,
LIN2_T03,08:34:00,08:34:00,LIN2F005,5,,,,
LIN2_T03,08:36:00,08:36:00,LIN2F006,6,,,,
LIN2_T03,08:37:00,08:37:00,LIN2F007,7,,,,
LIN2_T03,08:38:00,08:38:00,LIN2F008,8,,,,
LIN2_T03,08:39:00,08:39:00,LIN2F009,9,,,,
LIN2_T03,08:40:00,08:40:00,LIN2F010,10,,,,
LIN2_T03,08:41:00,08:41:00,LIN2F011,11,,,,
LIN2_T03,08:42:00,08:42:00,LIN2F012,12,,,,
LIN2_T03,08:43:00,08:43:00,LIN2F013,13,,,,
LIN2_T03,08:44:00,08:44:00,LIN2F015,14,,,,
LIN2_T03,08:46:00,08:46:00,LIN2F016,15,,,,
LIN2_T03,08:47:00,08:47:00,LIN2F017,16,,,,
LIN2_T03,08:49:00,08:49:00,LIN2F018,17,,,,
LIN2_T03,08:50:00,08:50:00,LIN2F019,18,,,,
LIN2_T03,08:51:00,08:51:00,LIN2F020,19,,,,
LIN2_T03,08:53:00,08:53:00,LIN1F009,20,,,,
LIN2_T03,08:54:00,08:54:00,LIN1F010,21,,,,
LIN2_T03,08:55:00,08:55:00,LIN1F011,22,,,,
LIN2_T03,08:56:00,08:56:00,LIN1F012,23,,,,
LIN2_T03,08:57:00,08:57:00,LIN1F013,24,,,,
LIN2_T03,08:58:00,08:58:00,LIN1F014,25,,,,
LIN2_T03,08:59:00,08:59:00,LIN1F015,26,,,,
LIN2_T03,09:00:00,09:00:00,LIN1F016,27,,,,
LIN2_T03,09:01:00,09:01:00,LIN1F017,28,,,,
LIN2_T03,09:02:00,09:02:00,LIN1F018,29,,,,
LIN2_T03,09:03:00,09:03:00,LIN1F019,30,,,,
LIN2_T03,09:04:00,09:04:00,LIN1F020,31,,,,
LIN2_T03,09:07:00,09:07:00,LIN2F034,32,,,,
LIN2_T03,09:08:00,09:08:00,LIN2F035,33,,,,
LIN2_T03,09:09:00,09:09:00,LIN2F036,34,,,,
LIN2_T03,09:10:00,09:10:00,LIN2F037,35,,,,
LIN2_T03,09:11:00,09:11:00,LIN2F038,36,,,,
LIN2_T03,09:12:00,09:12:00,LIN2F039,37,,,,
LIN2_T03,09:13:00,09:13:00,LIN2F040,38,,,,
LIN2_T03,09:14:00,09:14:00,LIN1F041,39,,,,
LIN2_T03,09:16:00,09:16:00,LIN1F042,40,,,,
LIN2_T03,09:18:00,09:18:00,LIN1F043,41,,,,
LIN2_T03,09:19:00,09:19:00,LIN1F044,42,,,,
LIN2_T04,09:20:00,09:20:00,LIN1F001,1,,,,
LIN2_T04,09:21:00,09:21:00,LIN1F002,2,,,,
LIN2_T04,09:22:00,09:22:00,LIN1F003,3,,,,
LIN2_T04,09:23:00,09:23:00,LIN2F004,4,,,,
LIN2_T04,09:24:00,09:24:00,LIN2F005,5,,,,
LIN2_T04,09:26:00,09:26:00,LIN2F006,6,,,,
LIN2_T04,09:27:00,09:27:00,LIN2F007,7,,,,
LIN2_T04,09:28:00,09:28:00,LIN2F008,8,,,,
LIN2_T04,09:29:00,09:29:00,LIN2F009,9,,,,
LIN2_T04,09:30:00,09:30:00,LIN2F010,10,,,,
LIN2_T04,09:31:00,09:31:00,LIN2F011,11,,,,
LIN2_T04,09:32:00,09:32:00,LIN2F012,12,,,,
LIN2_T04,09:33:00,09:33:00,LIN2F013,13,,,,
LIN2_T04,09:34:00,09:34:00,LIN2F015,14,,,,
LIN2_T04,09:36:00,09:36:00,LIN2F016,15,,,,
LIN2_T04,09:37:00,09:37:00,LIN2F017,16,,,,
LIN2_T04,09:39:00,09:39:00,LIN2F018,17,,,,
LIN2_T04,09:40:00,09:40:00,LIN2F019,18,,,,
LIN2_T04,09:41:00,09:41:00,LIN2F020,19,,,,
LIN2_T04,09:43:00,09:43:00,LIN1F009,20,,,,
LIN2_T04,09:44:00,09:44:00,LIN1F010,21,,,,
LIN2_T04,09:45:00,09:45:00,LIN1F011,22,,,,
LIN2_T04,09:46:00,09:46:00,LIN1F012,23,,,,
LIN2_T04,09:47:00,09:47:00,LIN1F013,24,,,,
LIN2_T04,09:48:00,09:48:00,LIN1F014,25,,,,
LIN2_T04,09:49:00,09:49:00,LIN1F015,26,,,,
LIN2_T04,09:50:00,09:50:00,LIN1F016,27,,,,
LIN2_T04,09:51:00,09:51:00,LIN1F017,28,,,,
LIN2_T04,09:52:00,09:52:00,LIN1F018,29,,,,
LIN2_T04,09:53:00,09:53:00,LIN1F019,30,,,,
LIN2_T04,09:54:00,09:54:00,LIN1F020,31,,,,
LIN2_T04,09:57:00,09:57:00,LIN2F034,32,,,,
LIN2_T04,09:58:00,09:58:00,LIN2F035,33,,,,
LIN2_T04,09:59:00,09:59:00,LIN2F036,34,,,,
LIN2_T04,10:00:00,10:00:00,LIN2F037,35,,,,
LIN2_T04,10:01:00,10:01:00,LIN2F038,36,,,,
LIN2_T04,10:02:00,10:02:00,LIN2F039,37,,,,
LIN2_T04,10:03:00,10:03:00,LIN2F040,38,,,,
LIN2_T04,10:04:00,10:04:00,LIN1F041,39,,,,
LIN2_T04,10:06:00,10:06:00,LIN1F042,40,,,,
LIN2_T04,10:08:00,10:08:00,LIN1F043,41,,,,
LIN2_T04,10:09:00,10:09:00,LIN1F044,42,,,,
LIN2_T05,10:20:00,10:20:00,LIN1F001,1,,,,
LIN2_T05,10:21:00,10:21:00,LIN1F002,2,,,,
LIN2_T05,10:22:00,10:22:00,LIN1F003,3,,,,
LIN2_T05,10:23:00,10:23:00,LIN2F004,4,,,,
LIN2_T05,10:24:00,10:24:00,LIN2F005,5,,,,
LIN2_T05,10:26:00,10:26:00,LIN2F006,6,,,,
LIN2_T05,10:27:00,10:27:00,LIN2F007,7,,,,
LIN2_T05,10:28:00,10:28:00,LIN2F008,8,,,,
LIN2_T05,10:29:00,10:29:00,LIN2F009,9,,,,
LIN2_T05,10:30:00,10:30:00,LIN2F010,10,,,,
LIN2_T05,10:31:00,10:31:00,LIN2F011,11,,,,
LIN2_T05,10:32:00,10:32:00,LIN2F012,12,,,,
LIN2_T05,10:33:00,10:33:00,LIN2F013,13,,,,
LIN2_T05,10:34:00,10:34:00,LIN2F015,14,,,,
LIN2_T05,10:36:00,10:36:00,LIN2F016,15,,,,
LIN2_T05,10:37:00,10:37:00,LIN2F017,16,,,,
LIN2_T05,10:38:00,10:38:00,LIN2F018,17,,,,
LIN2_T05,10:40:00,10:40:00,LIN2F019,18,,,,
LIN2_T05,10:41:00,10:41:00,LIN2F020,19,,,,
LIN2_T05,10:43:00,10:43:00,LIN1F009,20,,,,
LIN2_T05,10:44:00,10:44:00,LIN1F010,21,,,,
LIN2_T05,10:45:00,10:45:00,LIN1F011,22,,,,
LIN2_T05,10:46:00,10:46:00,LIN1F012,23,,,,
LIN2_T05,10:47:00,10:47:00,LIN1F013,24,,,,
LIN2_T05,10:48:00,10:48:00,LIN1F014,25,,,,
LIN2_T05,10:49:00,10:49:00,LIN1F015,26,,,,
LIN2_T05,10:50:00,10:50:00,LIN1F016,27,,,,
LIN2_T05,10:51:00,10:51:00,LIN1F017,28,,,,
LIN2_T05,10:52:00,10:52:00,LIN1F018,29,,,,
LIN2_T05,10:53:00,10:53:00,LIN1F019,30,,,,
LIN2_T05,10:54:00,10:54:00,LIN1F020,31,,,,
LIN2_T05,10:57:00,10:57:00,LIN2F034,32,,,,
LIN2_T05,10:58:00,10:58:00,LIN2F035,33,,,,
LIN2_T05,10:59:00,10:59:00,LIN2F036,34,,,,
LIN2_T05,11:00:00,11:00:00,LIN2F037,35,,,,
LIN2_T05,11:01:00,11:01:00,LIN2F038,36,,,,
LIN2_T05,11:02:00,11:02:00,LIN2F039,37,,,,
LIN2_T05,11:03:00,11:03:00,LIN2F040,38,,,,
LIN2_T05,11:04:00,11:04:00,LIN1F041,39,,,,
LIN2_T05,11:06:00,11:06:00,LIN1F042,40,,,,
LIN2_T05,11:08:00,11:08:00,LIN1F043,41,,,,
LIN2_T05,11:09:00,11:09:00,LIN1F044,42,,,,
LIN2_T06,11:10:00,11:10:00,LIN1F001,1,,,,
LIN2_T06,11:11:00,11:11:00,LIN1F002,2,,,,
LIN2_T06,11:12:00,11:12:00,LIN1F003,3,,,,
LIN2_T06,11:13:00,11:13:00,LIN2F004,4,,,,
LIN2_T06,11:14:00,11:14:00,LIN2F005,5,,,,
LIN2_T06,11:16:00,11:16:00,LIN2F006,6,,,,
LIN2_T06,11:17:00,11:17:00,LIN2F007,7,,,,
LIN2_T06,11:18:00,11:18:00,LIN2F008,8,,,,
LIN2_T06,11:19:00,11:19:00,LIN2F009,9,,,,
LIN2_T06,11:20:00,11:20:00,LIN2F010,10,,,,
LIN2_T06,11:21:00,11:21:00,LIN2F011,11,,,,
LIN2_T06,11:22:00,11:22:00,LIN2F012,12,,,,
LIN2_T06,11:23:00,11:23:00,LIN2F013,13,,,,
LIN2_T06,11:24:00,11:24:00,LIN2F015,14,,,,
LIN2_T06,11:26:00,11:26:00,LIN2F016,15,,,,
LIN2_T06,11:27:00,11:27:00,LIN2F017,16,,,,
LIN2_T06,11:29:00,11:29:00,LIN2F018,17,,,,
LIN2_T06,11:30:00,11:30:00,LIN2F019,18,,,,
LIN2_T06,11:31:00,11:31:00,LIN2F020,19,,,,
LIN2_T06,11:33:00,11:33:00,LIN1F009,20,,,,
LIN2_T06,11:34:00,11:34:00,LIN1F010,21,,,,
LIN2_T06,11:35:00,11:35:00,LIN1F011,22,,,,
LIN2_T06,11:36:00,11:36:00,LIN1F012,23,,,,
LIN2_T06,11:37:00,11:37:00,LIN1F013,24,,,,
LIN2_T06,11:38:00,11:38:00,LIN1F014,25,,,,
LIN2_T06,11:39:00,11:39:00,LIN1F015,26,,,,
LIN2_T06,11:40:00,11:40:00,LIN1F016,27,,,,
LIN2_T06,11:41:00,11:41:00,LIN1F017,28,,,,
LIN2_T06,11:42:00,11:42:00,LIN1F018,29,,,,
LIN2_T06,11:43:00,11:43:00,LIN1F019,30,,,,
LIN2_T06,11:44:00,11:44:00,LIN1F020,31,,,,
LIN2_T06,11:47:00,11:47:00,LIN2F034,32,,,,
LIN2_T06,11:48:00,11:48:00,LIN2F035,33,,,,
LIN2_T06,11:49:00,11:49:00,LIN2F036,34,,,,
LIN2_T06,11:50:00,11:50:00,LIN2F037,35,,,,
LIN2_T06,11:51:00,11:51:00,LIN2F038,36,,,,
LIN2_T06,11:52:00,11:52:00,LIN2F039,37,,,,
LIN2_T06,11:53:00,11:53:00,LIN2F040,38,,,,
LIN2_T06,11:54:00,11:54:00,LIN1F041,39,,,,
LIN2_T06,11:56:00,11:56:00,LIN1F042,40,,,,
LIN2_T06,11:58:00,11:58:00,LIN1F043,41,,,,
LIN2_T06,11:59:00,11:59:00,LIN1F044,42,,,,
LIN2_T07,12:05:00,12:05:00,LIN1F001,1,,,,
LIN2_T07,12:06:00,12:06:00,LIN1F002,2,,,,
LIN2_T07,12:07:00,12:07:00,LIN1F003,3,,,,
LIN2_T07,12:08:00,12:08:00,LIN2F004,4,,,,
LIN2_T07,12:09:00,12:09:00,LIN2F005,5,,,,
LIN2_T07,12:12:00,12:12:00,LIN2F006,6,,,,
LIN2_T07,12:13:00,12:13:00,LIN2F007,7,,,,
LIN2_T07,12:14:00,12:14:00,LIN2F008,8,,,,
LIN2_T07,12:15:00,12:15:00,LIN2F009,9,,,,
LIN2_T07,12:17:00,12:17:00,LIN2F010,10,,,,
LIN2_T07,12:18:00,12:18:00,LIN2F011,11,,,,
LIN2_T07,12:19:00,12:19:00,LIN2F012,12,,,,
LIN2_T07,12:20:00,12:20:00,LIN2F013,13,,,,
LIN2_T07,12:21:00,12:21:00,LIN2F015,14,,,,
LIN2_T07,12:23:00,12:23:00,LIN2F016,15,,,,
LIN2_T07,12:24:00,12:24:00,LIN2F017,16,,,,
LIN2_T07,12:26:00,12:26:00,LIN2F018,17,,,,
LIN2_T07,12:28:00,12:28:00,LIN2F019,18,,,,
LIN2_T07,12:29:00,12:29:00,LIN2F020,19,,,,
LIN2_T07,12:30:00,12:30:00,LIN1F009,20,,,,
LIN2_T07,12:32:00,12:32:00,LIN1F010,21,,,,
LIN2_T07,12:33:00,12:33:00,LIN1F011,22,,,,
LIN2_T07,12:34:00,12:34:00,LIN1F012,23,,,,
LIN2_T07,12:35:00,12:35:00,LIN1F013,24,,,,
LIN2_T07,12:36:00,12:36:00,LIN1F014,25,,,,
LIN2_T07,12:37:00,12:37:00,LIN1F015,26,,,,
LIN2_T07,12:38:00,12:38:00,LIN1F016,27,,,,
LIN2_T07,12:39:00,12:39:00,LIN1F017,28,,,,
LIN2_T07,12:40:00,12:40:00,LIN1F018,29,,,,
LIN2_T07,12:41:00,12:41:00,LIN1F019,30,,,,
LIN2_T07,12:42:00,12:42:00,LIN1F020,31,,,,
LIN2_T07,12:45:00,12:45:00,LIN2F034,32,,,,
LIN2_T07,12:47:00,12:47:00,LIN2F035,33,,,,
LIN2_T07,12:48:00,12:48:00,LIN2F036,34,,,,
LIN2_T07,12:49:00,12:49:00,LIN2F037,35,,,,
LIN2_T07,12:50:00,12:50:00,LIN2F038,36,,,,
LIN2_T07,12:51:00,12:51:00,LIN2F039,37,,,,
LIN2_T07,12:52:00,12:52:00,LIN2F040,38,,,,
LIN2_T07,12:53:00,12:53:00,LIN1F041,39,,,,
LIN2_T08,12:55:00,12:55:00,LIN1F001,1,,,,
LIN2_T08,12:56:00,12:56:00,LIN1F002,2,,,,
LIN2_T08,12:57:00,12:57:00,LIN1F003,3,,,,
LIN2_T08,12:58:00,12:58:00,LIN2F004,4,,,,
LIN2_T08,12:59:00,12:59:00,LIN2F005,5,,,,
LIN2_T08,13:02:00,13:02:00,LIN2F006,6,,,,
LIN2_T08,13:03:00,13:03:00,LIN2F007,7,,,,
LIN2_T08,13:04:00,13:04:00,LIN2F008,8,,,,
LIN2_T08,13:05:00,13:05:00,LIN2F009,9,,,,
LIN2_T08,13:07:00,13:07:00,LIN2F010,10,,,,
LIN2_T08,13:08:00,13:08:00,LIN2F011,11,,,,
LIN2_T08,13:11:00,13:11:00,LIN2F015,12,,,,
LIN2_T08,13:13:00,13:13:00,LIN2F016,13,,,,
LIN2_T08,13:14:00,13:14:00,LIN2F017,14,,,,
LIN2_T08,13:16:00,13:16:00,LIN2F018,15,,,,
LIN2_T08,13:18:00,13:18:00,LIN2F019,16,,,,
LIN2_T08,13:19:00,13:19:00,LIN2F020,17,,,,
LIN2_T08,13:21:00,13:21:00,LIN1F009,18,,,,
LIN2_T08,13:22:00,13:22:00,LIN1F010,19,,,,
LIN2_T08,13:23:00,13:23:00,LIN1F011,20,,,,
LIN2_T08,13:24:00,13:24:00,LIN1F012,21,,,,
LIN2_T08,13:25:00,13:25:00,LIN1F013,22,,,,
LIN2_T08,13:26:00,13:26:00,LIN1F014,23,,,,
LIN2_T08,13:27:00,13:27:00,LIN1F015,24,,,,
LIN2_T08,13:28:00,13:28:00,LIN1F016,25,,,,
LIN2_T08,13:29:00,13:29:00,LIN1F017,26,,,,
LIN2_T08,13:30:00,13:30:00,LIN1F018,27,,,,
LIN2_T08,13:31:00,13:31:00,LIN1F019,28,,,,
LIN2_T08,13:32:00,13:32:00,LIN1F020,29,,,,
LIN2_T08,13:35:00,13:35:00,LIN2F034,30,,,,
LIN2_T08,13:37:00,13:37:00,LIN2F035,31,,,,
LIN2_T08,13:38:00,13:38:00,LIN2F036,32,,,,
LIN2_T08,13:39:00,13:39:00,LIN2F037,33,,,,
LIN2_T08,13:40:00,13:40:00,LIN2F038,34,,,,
LIN2_T08,13:41:00,13:41:00,LIN2F039,35,,,,
LIN2_T08,13:42:00,13:42:00,LIN2F040,36,,,,
LIN2_T08,13:43:00,13:43:00,LIN1F041,37,,,,
LIN2_T09,15:00:00,15:00:00,LIN1F001,1,,,,
LIN2_T09,15:01:00,15:01:00,LIN1F002,2,,,,
LIN2_T09,15:02:00,15:02:00,LIN1F003,3,,,,
LIN2_T09,15:03:00,15:03:00,LIN2F004,4,,,,
LIN2_T09,15:04:00,15:04:00,LIN2F005,5,,,,
LIN2_T09,15:06:00,15:06:00,LIN2F006,6,,,,
LIN2_T09,15:07:00,15:07:00,LIN2F007,7,,,,
LIN2_T09,15:08:00,15:08:00,LIN2F008,8,,,,
LIN2_T09,15:09:00,15:09:00,LIN2F009,9,,,,
LIN2_T09,15:10:00,15:10:00,LIN2F010,10,,,,
LIN2_T09,15:11:00,15:11:00,LIN2F011,11,,,,
LIN2_T09,15:12:00,15:12:00,LIN2F012,12,,,,
LIN2_T09,15:13:00,15:13:00,LIN2F013,13,,,,
LIN2_T09,15:14:00,15:14:00,LIN2F015,14,,,,
LIN2_T09,15:16:00,15:16:00,LIN2F016,15,,,,
LIN2_T09,15:17:00,15:17:00,LIN2F017,16,,,,
LIN2_T09,15:19:00,15:19:00,LIN2F018,17,,,,
LIN2_T09,15:20:00,15:20:00,LIN2F019,18,,,,
LIN2_T09,15:21:00,15:21:00,LIN2F020,19,,,,
LIN2_T09,15:23:00,15:23:00,LIN1F009,20,,,,
LIN2_T09,15:24:00,15:24:00,LIN1F010,21,,,,
LIN2_T09,15:25:00,15:25:00,LIN1F011,22,,,,
LIN2_T09,15:26:00,15:26:00,LIN1F012,23,,,,
LIN2_T09,15:27:00,15:27:00,LIN1F013,24,,,,
LIN2_T09,15:28:00,15:28:00,LIN1F014,25,,,,
LIN2_T09,15:29:00,15:29:00,LIN1F015,26,,,,
LIN2_T09,15:30:00,15:30:00,LIN1F016,27,,,,
LIN2_T09,15:31:00,15:31:00,LIN1F017,28,,,,
LIN2_T09,15:32:00,15:32:00,LIN1F018,29,,,,
LIN2_T09,15:33:00,15:33:00,LIN1F019,30,,,,
LIN2_T09,15:34:00,15:34:00,LIN1F020,31,,,,
LIN2_T09,15:37:00,15:37:00,LIN2F034,32,,,,
LIN2_T09,15:38:00,15:38:00,LIN2F035,33,,,,
LIN2_T09,15:39:00,15:39:00,LIN2F036,34,,,,
LIN2_T09,15:40:00,15:40:00,LIN2F037,35,,,,
LIN2_T09,15:41:00,15:41:00,LIN2F038,36,,,,
LIN2_T09,15:42:00,15:42:00,LIN2F039,37,,,,
LIN2_T09,15:43:00,15:43:00,LIN2F040,38,,,,
LIN2_T09,15:44:00,15:44:00,LIN1F041,39,,,,
LIN2_T09,15:46:00,15:46:00,LIN1F042,40,,,,
LIN2_T09,15:48:00,15:48:00,LIN1F043,41,,,,
LIN2_T09,15:49:00,15:49:00,LIN1F044,42,,,,
LIN2_T10,15:55:00,15:55:00,LIN1F001,1,,,,
LIN2_T10,15:56:00,15:56:00,LIN1F002,2,,,,
LIN2_T10,15:57:00,15:57:00,LIN1F003,3,,,,
LIN2_T10,15:58:00,15:58:00,LIN2F004,4,,,,
LIN2_T10,15:59:00,15:59:00,LIN2F005,5,,,,
LIN2_T10,16:01:00,16:01:00,LIN2F006,6,,,,
LIN2_T10,16:02:00,16:02:00,LIN2F007,7,,,,
LIN2_T10,16:03:00,16:03:00,LIN2F008,8,,,,
LIN2_T10,16:04:00,16:04:00,LIN2F009,9,,,,
LIN2_T10,16:05:00,16:05:00,LIN2F010,10,,,,
LIN2_T10,16:06:00,16:06:00,LIN2F011,11,,,,
LIN2_T10,16:07:00,16:07:00,LIN2F012,12,,,,
LIN2_T10,16:08:00,16:08:00,LIN2F013,13,,,,
LIN2_T10,16:09:00,16:09:00,LIN2F015,14,,,,
LIN2_T10,16:11:00,16:11:00,LIN2F016,15,,,,
LIN2_T10,16:12:00,16:12:00,LIN2F017,16,,,,
LIN2_T10,16:14:00,16:14:00,LIN2F018,17,,,,
LIN2_T10,16:15:00,16:15:00,LIN2F019,18,,,,
LIN2_T10,16:16:00,16:16:00,LIN2F020,19,,,,
LIN2_T10,16:18:00,16:18:00,LIN1F009,20,,,,
LIN2_T10,16:19:00,16:19:00,LIN1F010,21,,,,
LIN2_T10,16:20:00,16:20:00,LIN1F011,22,,,,
LIN2_T10,16:21:00,16:21:00,LIN1F012,23,,,,
LIN2_T10,16:22:00,16:22:00,LIN1F013,24,,,,
LIN2_T10,16:23:00,16:23:00,LIN1F014,25,,,,
LIN2_T10,16:24:00,16:24:00,LIN1F015,26,,,,
LIN2_T10,16:25:00,16:25:00,LIN1F016,27,,,,
LIN2_T10,16:26:00,16:26:00,LIN1F017,28,,,,
LIN2_T10,16:27:00,16:27:00,LIN1F018,29,,,,
LIN2_T10,16:28:00,16:28:00,LIN1F019,30,,,,
LIN2_T10,16:29:00,16:29:00,LIN1F020,31,,,,
LIN2_T10,16:32:00,16:32:00,LIN2F034,32,,,,
LIN2_T10,16:33:00,16:33:00,LIN2F035,33,,,,
LIN2_T10,16:34:00,16:34:00,LIN2F036,34,,,,
LIN2_T10,16:35:00,16:35:00,LIN2F037,35,,,,
LIN2_T10,16:36:00,16:36:00,LIN2F038,36,,,,
LIN2_T10,16:37:00,16:37:00,LIN2F039,37,,,,
LIN2_T10,16:38:00,16:38:00,LIN2F040,38,,,,
LIN2_T10,16:39:00,16:39:00,LIN1F041,39,,,,
LIN2_T10,16:41:00,16:41:00,LIN1F042,40,,,,
LIN2_T10,16:43:00,16:43:00,LIN1F043,41,,,,
LIN2_T10,16:44:00,16:44:00,LIN1F044,42,,,,
LIN2_T11,16:45:00,16:45:00,LIN1F001,1,,,,
LIN2_T11,16:46:00,16:46:00,LIN1F002,2,,,,
LIN2_T11,16:47:00,16:47:00,LIN1F003,3,,,,
LIN2_T11,16:48:00,16:48:00,LIN2F004,4,,,,
LIN2_T11,16:49:00,16:49:00,LIN2F005,5,,,,
LIN2_T11,16:51:00,16:51:00,LIN2F006,6,,,,
LIN2_T11,16:52:00,16:52:00,LIN2F007,7,,,,
LIN2_T11,16:53:00,16:53:00,LIN2F008,8,,,,
LIN2_T11,16:54:00,16:54:00,LIN2F009,9,,,,
LIN2_T11,16:55:00,16:55:00,LIN2F010,10,,,,
LIN2_T11,16:56:00,16:56:00,LIN2F011,11,,,,
LIN2_T11,16:57:00,16:57:00,LIN2F012,12,,,,
LIN2_T11,16:58:00,16:58:00,LIN2F013,13,,,,
LIN2_T11,16:59:00,16:59:00,LIN2F015,14,,,,
LIN2_T11,17:01:00,17:01:00,LIN2F016,15,,,,
LIN2_T11,17:02:00,17:02:00,LIN2F017,16,,,,
LIN2_T11,17:04:00,17:04:00,LIN2F018,17,,,,
LIN2_T11,17:05:00,17:05:00,LIN2F019,18,,,,
LIN2_T11,17:06:00,17:06:00,LIN2F020,19,,,,
LIN2_T11,17:08:00,17:08:00,LIN1F009,20,,,,
LIN2_T11,17:09:00,17:09:00,LIN1F010,21,,,,
LIN2_T11,17:10:00,17:10:00,LIN1F011,22,,,,
LIN2_T11,17:11:00,17:11:00,LIN1F012,23,,,,
LIN2_T11,17:12:00,17:12:00,LIN1F013,24,,,,
LIN2_T11,17:13:00,17:13:00,LIN1F014,25,,,,
LIN2_T11,17:14:00,17:14:00,LIN1F015,26,,,,
LIN2_T11,17:15:00,17:15:00,LIN1F016,27,,,,
LIN2_T11,17:16:00,17:16:00,LIN1F017,28,,,,
LIN2_T11,17:17:00,17:17:00,LIN1F018,29,,,,
LIN2_T11,17:18:00,17:18:00,LIN1F019,30,,,,
LIN2_T11,17:19:00,17:19:00,LIN1F020,31,,,,
LIN2_T11,17:22:00,17:22:00,LIN2F034,32,,,,
LIN2_T11,17:23:00,17:23:00,LIN2F035,33,,,,
LIN2_T11,17:24:00,17:24:00,LIN2F036,34,,,,
LIN2_T11,17:25:00,17:25:00,LIN2F037,35,,,,
LIN2_T11,17:26:00,17:26:00,LIN2F038,36,,,,
LIN2_T11,17:27:00,17:27:00,LIN2F039,37,,,,
LIN2_T11,17:28:00,17:28:00,LIN2F040,38,,,,
LIN2_T11,17:29:00,17:29:00,LIN1F041,39,,,,
LIN2_T11,17:31:00,17:31:00,LIN1F042,40,,,,
LIN2_T11,17:33:00,17:33:00,LIN1F043,41,,,,
LIN2_T11,17:34:00,17:34:00,LIN1F044,42,,,,
LIN2_T12,17:45:00,17:45:00,LIN1F001,1,,,,
LIN2_T12,17:46:00,17:46:00,LIN1F002,2,,,,
LIN2_T12,17:47:00,17:47:00,LIN1F003,3,,,,
LIN2_T12,17:48:00,17:48:00,LIN2F004,4,,,,
LIN2_T12,17:49:00,17:49:00,LIN2F005,5,,,,
LIN2_T12,17:51:00,17:51:00,LIN2F006,6,,,,
LIN2_T12,17:52:00,17:52:00,LIN2F007,7,,,,
LIN2_T12,17:53:00,17:53:00,LIN2F008,8,,,,
LIN2_T12,17:54:00,17:54:00,LIN2F009,9,,,,
LIN2_T12,17:55:00,17:55:00,LIN2F010,10,,,,
LIN2_T12,17:56:00,17:56:00,LIN2F011,11,,,,
LIN2_T12,17:57:00,17:57:00,LIN2F012,12,,,,
LIN2_T12,17:58:00,17:58:00,LIN2F013,13,,,,
LIN2_T12,17:59:00,17:59:00,LIN2F015,14,,,,
LIN2_T12,18:01:00,18:01:00,LIN2F016,15,,,,
LIN2_T12,18:02:00,18:02:00,LIN2F017,16,,,,
LIN2_T12,18:04:00,18:04:00,LIN2F018,17,,,,
LIN2_T12,18:05:00,18:05:00,LIN2F019,18,,,,
LIN2_T12,18:06:00,18:06:00,LIN2F020,19,,,,
LIN2_T12,18:08:00,18:08:00,LIN1F009,20,,,,
LIN2_T12,18:09:00,18:09:00,LIN1F010,21,,,,
LIN2_T12,18:10:00,18:10:00,LIN1F011,22,,,,
LIN2_T12,18:11:00,18:11:00,LIN1F012,23,,,,
LIN2_T12,18:12:00,18:12:00,LIN1F013,24,,,,
LIN2_T12,18:13:00,18:13:00,LIN1F014,25,,,,
LIN2_T12,18:14:00,18:14:00,LIN1F015,26,,,,
LIN2_T12,18:15:00,18:15:00,LIN1F016,27,,,,
LIN2_T12,18:16:00,18:16:00,LIN1F017,28,,,,
LIN2_T12,18:17:00,18:17:00,LIN1F018,29,,,,
LIN2_T12,18:18:00,18:18:00,LIN1F019,30,,,,
LIN2_T12,18:19:00,18:19:00,LIN1F020,31,,,,
LIN2_T12,18:22:00,18:22:00,LIN2F034,32,,,,
LIN2_T12,18:23:00,18:23:00,LIN2F035,33,,,,
LIN2_T12,18:24:00,18:24:00,LIN2F036,34,,,,
LIN2_T12,18:25:00,18:25:00,LIN2F037,35,,,,
LIN2_T12,18:26:00,18:26:00,LIN2F038,36,,,,
LIN2_T12,18:27:00,18:27:00,LIN2F039,37,,,,
LIN2_T12,18:28:00,18:28:00,LIN2F040,38,,,,
LIN2_T12,18:29:00,18:29:00,LIN1F041,39,,,,
LIN2_T12,18:31:00,18:31:00,LIN1F042,40,,,,
LIN2_T12,18:33:00,18:33:00,LIN1F043,41,,,,
LIN2_T12,18:34:00,18:34:00,LIN1F044,42,,,,
LIN2_T13,18:35:00,18:35:00,LIN1F001,1,,,,
LIN2_T13,18:36:00,18:36:00,LIN1F002,2,,,,
LIN2_T13,18:37:00,18:37:00,LIN1F003,3,,,,
LIN2_T13,18:38:00,18:38:00,LIN2F004,4,,,,
LIN2_T13,18:39:00,18:39:00,LIN2F005,5,,,,
LIN2_T13,18:41:00,18:41:00,LIN2F006,6,,,,
LIN2_T13,18:42:00,18:42:00,LIN2F007,7,,,,
LIN2_T13,18:43:00,18:43:00,LIN2F008,8,,,,
LIN2_T13,18:44:00,18:44:00,LIN2F009,9,,,,
LIN2_T13,18:45:00,18:45:00,LIN2F010,10,,,,
LIN2_T13,18:46:00,18:46:00,LIN2F011,11,,,,
LIN2_T13,18:47:00,18:47:00,LIN2F012,12,,,,
LIN2_T13,18:48:00,18:48:00,LIN2F013,13,,,,
LIN2_T13,18:49:00,18:49:00,LIN2F015,14,,,,
LIN2_T13,18:51:00,18:51:00,LIN2F016,15,,,,
LIN2_T13,18:52:00,18:52:00,LIN2F017,16,,,,
LIN2_T13,18:54:00,18:54:00,LIN2F018,17,,,,
LIN2_T13,18:55:00,18:55:00,LIN2F019,18,,,,
LIN2_T13,18:56:00,18:56:00,LIN2F020,19,,,,
LIN2_T13,18:58:00,18:58:00,LIN1F009,20,,,,
LIN2_T13,18:59:00,18:59:00,LIN1F010,21,,,,
LIN2_T13,19:00:00,19:00:00,LIN1F011,22,,,,
LIN2_T13,19:01:00,19:01:00,LIN1F012,23,,,,
LIN2_T13,19:02:00,19:02:00,LIN1F013,24,,,,
LIN2_T13,19:03:00,19:03:00,LIN1F014,25,,,,
LIN2_T13,19:04:00,19:04:00,LIN1F015,26,,,,
LIN2_T13,19:05:00,19:05:00,LIN1F016,27,,,,
LIN2_T13,19:06:00,19:06:00,LIN1F017,28,,,,
LIN2_T13,19:07:00,19:07:00,LIN1F018,29,,,,
LIN2_T13,19:08:00,19:08:00,LIN1F019,30,,,,
LIN2_T13,19:09:00,19:09:00,LIN1F020,31,,,,
LIN2_T13,19:12:00,19:12:00,LIN2F034,32,,,,
LIN2_T13,19:13:00,19:13:00,LIN2F035,33,,,,
LIN2_T13,19:14:00,19:14:00,LIN2F036,34,,,,
LIN2_T13,19:15:00,19:15:00,LIN2F037,35,,,,
LIN2_T13,19:16:00,19:16:00,LIN2F038,36,,,,
LIN2_T13,19:17:00,19:17:00,LIN2F039,37,,,,
LIN2_T13,19:18:00,19:18:00,LIN2F040,38,,,,
LIN2_T13,19:19:00,19:19:00,LIN1F041,39,,,,
LIN2_T13,19:21:00,19:21:00,LIN1F042,40,,,,
LIN2_T13,19:23:00,19:23:00,LIN1F043,41,,,,
LIN2_T13,19:24:00,19:24:00,LIN1F044,42,,,,
LIN2_T14,19:35:00,19:35:00,LIN1F001,1,,,,
LIN2_T14,19:36:00,19:36:00,LIN1F002,2,,,,
LIN2_T14,19:37:00,19:37:00,LIN1F003,3,,,,
LIN2_T14,19:38:00,19:38:00,LIN2F004,4,,,,
LIN2_T14,19:40:00,19:40:00,LIN2F005,5,,,,
LIN2_T14,19:42:00,19:42:00,LIN2F006,6,,,,
LIN2_T14,19:43:00,19:43:00,LIN2F007,7,,,,
LIN2_T14,19:44:00,19:44:00,LIN2F008,8,,,,
LIN2_T14,19:45:00,19:45:00,LIN2F009,9,,,,
LIN2_T14,19:47:00,19:47:00,LIN2F010,10,,,,
LIN2_T14,19:48:00,19:48:00,LIN2F011,11,,,,
LIN2_T14,19:49:00,19:49:00,LIN2F012,12,,,,
LIN2_T14,19:50:00,19:50:00,LIN2F013,13,,,,
LIN2_T14,19:51:00,19:51:00,LIN2F015,14,,,,
LIN2_T14,19:53:00,19:53:00,LIN2F016,15,,,,
LIN2_T14,19:54:00,19:54:00,LIN2F017,16,,,,
LIN2_T14,19:56:00,19:56:00,LIN2F018,17,,,,
LIN2_T14,19:58:00,19:58:00,LIN2F019,18,,,,
LIN2_T14,19:59:00,19:59:00,LIN2F020,19,,,,
LIN2_T14,20:01:00,20:01:00,LIN1F009,20,,,,
LIN2_T14,20:02:00,20:02:00,LIN1F010,21,,,,
LIN2_T14,20:03:00,20:03:00,LIN1F011,22,,,,
LIN2_T14,20:04:00,20:04:00,LIN1F012,23,,,,
LIN2_T14,20:06:00,20:06:00,LIN1F013,24,,,,
LIN2_T14,20:07:00,20:07:00,LIN1F014,25,,,,
LIN2_T14,20:08:00,20:08:00,LIN1F015,26,,,,
LIN2_T14,20:09:00,20:09:00,LIN1F016,27,,,,
LIN2_T14,20:10:00,20:10:00,LIN1F017,28,,,,
LIN2_T14,20:11:00,20:11:00,LIN1F018,29,,,,
LIN2_T14,20:12:00,20:12:00,LIN1F019,30,,,,
LIN2_T14,20:13:00,20:13:00,LIN1F020,31,,,,
LIN2_T14,20:17:00,20:17:00,LIN2F034,32,,,,
LIN2_T14,20:18:00,20:18:00,LIN2F035,33,,,,
LIN2_T14,20:19:00,20:19:00,LIN2F036,34,,,,
LIN2_T14,20:20:00,20:20:00,LIN2F037,35,,,,
LIN2_T14,20:21:00,20:21:00,LIN2F038,36,,,,
LIN2_T14,20:22:00,20:22:00,LIN2F039,37,,,,
LIN2_T14,20:23:00,20:23:00,LIN2F040,38,,,,
LIN2_T14,20:24:00,20:24:00,LIN1F041,39,,,,
LIN2_T15,20:25:00,20:25:00,LIN1F001,1,,,,
LIN2_T15,20:26:00,20:26:00,LIN1F002,2,,,,
LIN2_T15,20:27:00,20:27:00,LIN1F003,3,,,,
LIN2_T15,20:28:00,20:28:00,LIN2F004,4,,,,
LIN2_T15,20:30:00,20:30:00,LIN2F005,5,,,,
LIN2_T15,20:32:00,20:32:00,LIN2F006,6,,,,
LIN2_T15,20:33:00,20:33:00,LIN2F007,7,,,,
LIN2_T15,20:34:00,20:34:00,LIN2F008,8,,,,
LIN2_T15,20:35:00,20:35:00,LIN2F009,9,,,,
LIN2_T15,20:37:00,20:37:00,LIN2F010,10,,,,
LIN2_T15,20:38:00,20:38:00,LIN2F011,11,,,,
LIN2_T15,20:39:00,20:39:00,LIN2F012,12,,,,
LIN2_T15,20:40:00,20:40:00,LIN2F013,13,,,,
LIN2_T15,20:41:00,20:41:00,LIN2F015,14,,,,
LIN2_T15,20:43:00,20:43:00,LIN2F016,15,,,,
LIN2_T15,20:44:00,20:44:00,LIN2F017,16,,,,
LIN2_T15,20:46:00,20:46:00,LIN2F018,17,,,,
LIN2_T15,20:48:00,20:48:00,LIN2F019,18,,,,
LIN2_T15,20:49:00,20:49:00,LIN2F020,19,,,,
LIN2_T15,20:51:00,20:51:00,LIN1F009,20,,,,
LIN2_T15,20:52:00,20:52:00,LIN1F010,21,,,,
LIN2_T15,20:53:00,20:53:00,LIN1F011,22,,,,
LIN2_T15,20:54:00,20:54:00,LIN1F012,23,,,,
LIN2_T15,20:56:00,20:56:00,LIN1F013,24,,,,
LIN2_T15,20:57:00,20:57:00,LIN1F014,25,,,,
LIN2_T15,20:58:00,20:58:00,LIN1F015,26,,,,
LIN2_T15,20:59:00,20:59:00,LIN1F016,27,,,,
LIN2_T15,21:00:00,21:00:00,LIN1F017,28,,,,
LIN2_T15,21:01:00,21:01:00,LIN1F018,29,,,,
LIN2_T15,21:02:00,21:02:00,LIN1F019,30,,,,
LIN2_T15,21:03:00,21:03:00,LIN1F020,31,,,,
LIN2_T15,21:07:00,21:07:00,LIN2F034,32,,,,
LIN2_T15,21:08:00,21:08:00,LIN2F035,33,,,,
LIN2_T15,21:09:00,21:09:00,LIN2F036,34,,,,
LIN2_T15,21:10:00,21:10:00,LIN2F037,35,,,,
LIN2_T15,21:11:00,21:11:00,LIN2F038,36,,,,
LIN2_T15,21:12:00,21:12:00,LIN2F039,37,,,,
LIN2_T15,21:13:00,21:13:00,LIN2F040,38,,,,
LIN2_T15,21:14:00,21:14:00,LIN1F041,39,,,,
LIN3_T01,06:53:00,06:53:00,LIN3F001,1,,,,
LIN3_T01,06:54:00,06:54:00,LIN1F003,2,,,,
LIN3_T01,06:55:00,06:55:00,LIN1F004,3,,,,
LIN3_T01,06:56:00,06:56:00,LIN1F005,4,,,,
LIN3_T01,06:57:00,06:57:00,LIN3F005,5,,,,
LIN3_T01,06:58:00,06:58:00,LIN3F006,6,,,,
LIN3_T01,06:59:00,06:59:00,LIN3F007,7,,,,
LIN3_T01,07:00:00,07:00:00,LIN2F009,8,,,,
LIN3_T01,07:01:00,07:01:00,LIN3F009,9,,,,
LIN3_T01,07:02:00,07:02:00,LIN1F025,10,,,,
LIN3_T01,07:03:00,07:03:00,LIN1F026,11,,,,
LIN3_T01,07:04:00,07:04:00,LIN1F027,12,,,,
LIN3_T01,07:05:00,07:05:00,LIN1F028,13,,,,
LIN3_T01,07:06:00,07:06:00,LIN3F014,14,,,,
LIN3_T01,07:07:00,07:07:00,LIN3F015,15,,,,
LIN3_T01,07:08:00,07:08:00,LIN3F016,16,,,,
LIN3_T01,07:09:00,07:09:00,LIN2F019,17,,,,
LIN3_T01,07:11:00,07:11:00,LIN2F020,18,,,,
LIN3_T01,07:12:00,07:12:00,LIN1F009,19,,,,
LIN3_T01,07:13:00,07:13:00,LIN3F020,20,,,,
LIN3_T01,07:14:00,07:14:00,LIN3F021,21,,,,
LIN3_T01,07:15:00,07:15:00,LIN3F022,22,,,,
LIN3_T01,07:16:00,07:16:00,LIN3F023,23,,,,
LIN3_T01,07:17:00,07:17:00,LIN3F024,24,,,,
LIN3_T01,07:18:00,07:18:00,LIN3F025,25,,,,
LIN3_T01,07:20:00,07:20:00,LIN3F026,26,,,,
LIN3_T01,07:21:00,07:21:00,LIN3F027,27,,,,
LIN3_T01,07:23:00,07:23:00,LIN3F028,28,,,,
LIN3_T01,07:24:00,07:24:00,LIN3F029,29,,,,
LIN3_T01,07:25:00,07:25:00,LIN3F030,30,,,,
LIN3_T01,07:27:00,07:27:00,LIN3F031,31,,,,
LIN3_T01,07:28:00,07:28:00,LIN3F032,32,,,,
LIN3_T01,07:30:00,07:30:00,LIN3F033,33,,,,
LIN3_T01,07:31:00,07:31:00,LIN3F034,34,,,,
LIN3_T01,07:32:00,07:32:00,LIN3F035,35,,,,
LIN3_T01,07:34:00,07:34:00,LIN3F036,36,,,,
LIN3_T01,07:35:00,07:35:00,LIN3F037,37,,,,
LIN3_T01,07:38:00,07:38:00,LIN3F038,38,,,,
LIN3_T01,07:39:00,07:39:00,LIN3F039,39,,,,
LIN3_T01,07:40:00,07:40:00,LIN3F040,40,,,,
LIN3_T01,07:42:00,07:42:00,LIN3F041,41,,,,
LIN3_T01,07:43:00,07:43:00,LIN3F042,42,,,,
LIN3_T01,07:44:00,07:44:00,LIN3F043,43,,,,
LIN3_T02,07:45:00,07:45:00,LIN3F001,1,,,,
LIN3_T02,07:46:00,07:46:00,LIN1F003,2,,,,
LIN3_T02,07:47:00,07:47:00,LIN1F004,3,,,,
LIN3_T02,07:48:00,07:48:00,LIN1F005,4,,,,
LIN3_T02,07:49:00,07:49:00,LIN3F005,5,,,,
LIN3_T02,07:50:00,07:50:00,LIN3F006,6,,,,
LIN3_T02,07:51:00,07:51:00,LIN3F007,7,,,,
LIN3_T02,07:52:00,07:52:00,LIN2F009,8,,,,
LIN3_T02,07:53:00,07:53:00,LIN3F009,9,,,,
LIN3_T02,07:54:00,07:54:00,LIN1F025,10,,,,
LIN3_T02,07:55:00,07:55:00,LIN1F026,11,,,,
LIN3_T02,07:56:00,07:56:00,LIN1F027,12,,,,
LIN3_T02,07:57:00,07:57:00,LIN1F028,13,,,,
LIN3_T02,07:58:00,07:58:00,LIN3F014,14,,,,
LIN3_T02,07:59:00,07:59:00,LIN3F015,15,,,,
LIN3_T02,08:00:00,08:00:00,LIN3F016,16,,,,
LIN3_T02,08:01:00,08:01:00,LIN2F019,17,,,,
LIN3_T02,08:03:00,08:03:00,LIN2F020,18,,,,
LIN3_T02,08:04:00,08:04:00,LIN1F009,19,,,,
LIN3_T02,08:05:00,08:05:00,LIN3F020,20,,,,
LIN3_T02,08:06:00,08:06:00,LIN3F021,21,,,,
LIN3_T02,08:07:00,08:07:00,LIN3F022,22,,,,
LIN3_T02,08:08:00,08:08:00,LIN3F023,23,,,,
LIN3_T02,08:09:00,08:09:00,LIN3F024,24,,,,
LIN3_T02,08:10:00,08:10:00,LIN3F025,25,,,,
LIN3_T02,08:12:00,08:12:00,LIN3F026,26,,,,
LIN3_T02,08:13:00,08:13:00,LIN3F027,27,,,,
LIN3_T02,08:15:00,08:15:00,LIN3F028,28,,,,
LIN3_T02,08:16:00,08:16:00,LIN3F029,29,,,,
LIN3_T02,08:17:00,08:17:00,LIN3F030,30,,,,
LIN3_T02,08:19:00,08:19:00,LIN3F031,31,,,,
LIN3_T02,08:20:00,08:20:00,LIN3F032,32,,,,
LIN3_T02,08:22:00,08:22:00,LIN3F033,33,,,,
LIN3_T02,08:23:00,08:23:00,LIN3F034,34,,,,
LIN3_T02,08:24:00,08:24:00,LIN3F035,35,,,,
LIN3_T02,08:26:00,08:26:00,LIN3F036,36,,,,
LIN3_T02,08:27:00,08:27:00,LIN3F037,37,,,,
LIN3_T02,08:30:00,08:30:00,LIN3F038,38,,,,
LIN3_T02,08:31:00,08:31:00,LIN3F039,39,,,,
LIN3_T02,08:32:00,08:32:00,LIN3F040,40,,,,
LIN3_T02,08:34:00,08:34:00,LIN3F041,41,,,,
LIN3_T02,08:35:00,08:35:00,LIN3F042,42,,,,
LIN3_T02,08:36:00,08:36:00,LIN3F043,43,,,,
LIN3_T03,08:42:00,08:42:00,LIN3F001,1,,,,
LIN3_T03,08:43:00,08:43:00,LIN1F003,2,,,,
LIN3_T03,08:44:00,08:44:00,LIN1F004,3,,,,
LIN3_T03,08:45:00,08:45:00,LIN1F005,4,,,,
LIN3_T03,08:46:00,08:46:00,LIN3F005,5,,,,
LIN3_T03,08:47:00,08:47:00,LIN3F006,6,,,,
LIN3_T03,08:48:00,08:48:00,LIN3F007,7,,,,
LIN3_T03,08:49:00,08:49:00,LIN2F009,8,,,,
LIN3_T03,08:50:00,08:50:00,LIN3F009,9,,,,
LIN3_T03,08:51:00,08:51:00,LIN1F025,10,,,,
LIN3_T03,08:52:00,08:52:00,LIN1F026,11,,,,
LIN3_T03,08:53:00,08:53:00,LIN1F027,12,,,,
LIN3_T03,08:54:00,08:54:00,LIN1F028,13,,,,
LIN3_T03,08:55:00,08:55:00,LIN3F014,14,,,,
LIN3_T03,08:56:00,08:56:00,LIN3F015,15,,,,
LIN3_T03,08:57:00,08:57:00,LIN3F016,16,,,,
LIN3_T03,08:58:00,08:58:00,LIN2F019,17,,,,
LIN3_T03,09:00:00,09:00:00,LIN2F020,18,,,,
LIN3_T03,09:01:00,09:01:00,LIN1F009,19,,,,
LIN3_T03,09:02:00,09:02:00,LIN3F020,20,,,,
LIN3_T03,09:03:00,09:03:00,LIN3F021,21,,,,
LIN3_T03,09:04:00,09:04:00,LIN3F022,22,,,,
LIN3_T03,09:05:00,09:05:00,LIN3F023,23,,,,
LIN3_T03,09:06:00,09:06:00,LIN3F024,24,,,,
LIN3_T03,09:07:00,09:07:00,LIN3F025,25,,,,
LIN3_T03,09:09:00,09:09:00,LIN3F026,26,,,,
LIN3_T03,09:10:00,09:10:00,LIN3F027,27,,,,
LIN3_T03,09:12:00,09:12:00,LIN3F028,28,,,,
LIN3_T03,09:13:00,09:13:00,LIN3F029,29,,,,
LIN3_T03,09:14:00,09:14:00,LIN3F030,30,,,,
LIN3_T03,09:16:00,09:16:00,LIN3F031,31,,,,
LIN3_T03,09:17:00,09:17:00,LIN3F032,32,,,,
LIN3_T03,09:19:00,09:19:00,LIN3F033,33,,,,
LIN3_T03,09:20:00,09:20:00,LIN3F034,34,,,,
LIN3_T03,09:21:00,09:21:00,LIN3F035,35,,,,
LIN3_T03,09:23:00,09:23:00,LIN3F036,36,,,,
LIN3_T03,09:24:00,09:24:00,LIN3F037,37,,,,
LIN3_T03,09:27:00,09:27:00,LIN3F038,38,,,,
LIN3_T03,09:28:00,09:28:00,LIN3F039,39,,,,
LIN3_T03,09:29:00,09:29:00,LIN3F040,40,,,,
LIN3_T03,09:31:00,09:31:00,LIN3F041,41,,,,
LIN3_T03,09:32:00,09:32:00,LIN3F042,42,,,,
LIN3_T03,09:33:00,09:33:00,LIN3F043,43,,,,
LIN3_T04,09:34:00,09:34:00,LIN3F001,1,,,,
LIN3_T04,09:35:00,09:35:00,LIN1F003,2,,,,
LIN3_T04,09:36:00,09:36:00,LIN1F004,3,,,,
LIN3_T04,09:37:00,09:37:00,LIN1F005,4,,,,
LIN3_T04,09:38:00,09:38:00,LIN3F005,5,,,,
LIN3_T04,09:39:00,09:39:00,LIN3F006,6,,,,
LIN3_T04,09:40:00,09:40:00,LIN3F007,7,,,,
LIN3_T04,09:41:00,09:41:00,LIN2F009,8,,,,
LIN3_T04,09:42:00,09:42:00,LIN3F009,9,,,,
LIN3_T04,09:43:00,09:43:00,LIN1F025,10,,,,
LIN3_T04,09:44:00,09:44:00,LIN1F026,11,,,,
LIN3_T04,09:45:00,09:45:00,LIN1F027,12,,,,
LIN3_T04,09:46:00,09:46:00,LIN1F028,13,,,,
LIN3_T04,09:47:00,09:47:00,LIN3F014,14,,,,
LIN3_T04,09:48:00,09:48:00,LIN3F015,15,,,,
LIN3_T04,09:49:00,09:49:00,LIN3F016,16,,,,
LIN3_T04,09:50:00,09:50:00,LIN2F019,17,,,,
LIN3_T04,09:52:00,09:52:00,LIN2F020,18,,,,
LIN3_T04,09:53:00,09:53:00,LIN1F009,19,,,,
LIN3_T04,09:54:00,09:54:00,LIN3F020,20,,,,
LIN3_T04,09:55:00,09:55:00,LIN3F021,21,,,,
LIN3_T04,09:56:00,09:56:00,LIN3F022,22,,,,
LIN3_T04,09:57:00,09:57:00,LIN3F023,23,,,,
LIN3_T04,09:58:00,09:58:00,LIN3F024,24,,,,
LIN3_T04,09:59:00,09:59:00,LIN3F025,25,,,,
LIN3_T04,10:01:00,10:01:00,LIN3F026,26,,,,
LIN3_T04,10:02:00,10:02:00,LIN3F027,27,,,,
LIN3_T04,10:04:00,10:04:00,LIN3F028,28,,,,
LIN3_T04,10:05:00,10:05:00,LIN3F029,29,,,,
LIN3_T04,10:06:00,10:06:00,LIN3F030,30,,,,
LIN3_T04,10:08:00,10:08:00,LIN3F031,31,,,,
LIN3_T04,10:09:00,10:09:00,LIN3F032,32,,,,
LIN3_T04,10:11:00,10:11:00,LIN3F033,33,,,,
LIN3_T04,10:12:00,10:12:00,LIN3F034,34,,,,
LIN3_T04,10:13:00,10:13:00,LIN3F035,35,,,,
LIN3_T04,10:15:00,10:15:00,LIN3F036,36,,,,
LIN3_T04,10:16:00,10:16:00,LIN3F037,37,,,,
LIN3_T04,10:19:00,10:19:00,LIN3F038,38,,,,
LIN3_T04,10:20:00,10:20:00,LIN3F039,39,,,,
LIN3_T04,10:21:00,10:21:00,LIN3F040,40,,,,
LIN3_T04,10:23:00,10:23:00,LIN3F041,41,,,,
LIN3_T04,10:24:00,10:24:00,LIN3F042,42,,,,
LIN3_T04,10:25:00,10:25:00,LIN3F043,43,,,,
LIN3_T05,10:36:00,10:36:00,LIN3F001,1,,,,
LIN3_T05,10:37:00,10:37:00,LIN1F003,2,,,,
LIN3_T05,10:38:00,10:38:00,LIN1F004,3,,,,
LIN3_T05,10:39:00,10:39:00,LIN1F005,4,,,,
LIN3_T05,10:40:00,10:40:00,LIN3F005,5,,,,
LIN3_T05,10:41:00,10:41:00,LIN3F006,6,,,,
LIN3_T05,10:42:00,10:42:00,LIN3F007,7,,,,
LIN3_T05,10:43:00,10:43:00,LIN2F009,8,,,,
LIN3_T05,10:44:00,10:44:00,LIN3F009,9,,,,
LIN3_T05,10:45:00,10:45:00,LIN1F025,10,,,,
LIN3_T05,10:46:00,10:46:00,LIN1F026,11,,,,
LIN3_T05,10:47:00,10:47:00,LIN1F027,12,,,,
LIN3_T05,10:48:00,10:48:00,LIN1F028,13,,,,
LIN3_T05,10:49:00,10:49:00,LIN3F014,14,,,,
LIN3_T05,10:50:00,10:50:00,LIN3F015,15,,,,
LIN3_T05,10:51:00,10:51:00,LIN3F016,16,,,,
LIN3_T05,10:52:00,10:52:00,LIN2F019,17,,,,
LIN3_T05,10:54:00,10:54:00,LIN2F020,18,,,,
LIN3_T05,10:55:00,10:55:00,LIN1F009,19,,,,
LIN3_T05,10:56:00,10:56:00,LIN3F020,20,,,,
LIN3_T05,10:57:00,10:57:00,LIN3F021,21,,,,
LIN3_T05,10:58:00,10:58:00,LIN3F022,22,,,,
LIN3_T05,10:59:00,10:59:00,LIN3F023,23,,,,
LIN3_T05,11:00:00,11:00:00,LIN3F024,24,,,,
LIN3_T05,11:01:00,11:01:00,LIN3F025,25,,,,
LIN3_T05,11:03:00,11:03:00,LIN3F026,26,,,,
LIN3_T05,11:04:00,11:04:00,LIN3F027,27,,,,
LIN3_T05,11:06:00,11:06:00,LIN3F028,28,,,,
LIN3_T05,11:07:00,11:07:00,LIN3F029,29,,,,
LIN3_T05,11:08:00,11:08:00,LIN3F030,30,,,,
LIN3_T05,11:10:00,11:10:00,LIN3F031,31,,,,
LIN3_T05,11:11:00,11:11:00,LIN3F032,32,,,,
LIN3_T05,11:13:00,11:13:00,LIN3F033,33,,,,
LIN3_T05,11:14:00,11:14:00,LIN3F034,34,,,,
LIN3_T05,11:15:00,11:15:00,LIN3F035,35,,,,
LIN3_T05,11:17:00,11:17:00,LIN3F036,36,,,,
LIN3_T05,11:18:00,11:18:00,LIN3F037,37,,,,
LIN3_T05,11:21:00,11:21:00,LIN3F038,38,,,,
LIN3_T05,11:22:00,11:22:00,LIN3F039,39,,,,
LIN3_T05,11:23:00,11:23:00,LIN3F040,40,,,,
LIN3_T05,11:25:00,11:25:00,LIN3F041,41,,,,
LIN3_T05,11:26:00,11:26:00,LIN3F042,42,,,,
LIN3_T05,11:27:00,11:27:00,LIN3F043,43,,,,
LIN3_T06,11:28:00,11:28:00,LIN3F001,1,,,,
LIN3_T06,11:29:00,11:29:00,LIN1F003,2,,,,
LIN3_T06,11:30:00,11:30:00,LIN1F004,3,,,,
LIN3_T06,11:31:00,11:31:00,LIN1F005,4,,,,
LIN3_T06,11:32:00,11:32:00,LIN3F005,5,,,,
LIN3_T06,11:33:00,11:33:00,LIN3F006,6,,,,
LIN3_T06,11:34:00,11:34:00,LIN3F007,7,,,,
LIN3_T06,11:35:00,11:35:00,LIN2F009,8,,,,
LIN3_T06,11:36:00,11:36:00,LIN3F009,9,,,,
LIN3_T06,11:37:00,11:37:00,LIN1F025,10,,,,
LIN3_T06,11:38:00,11:38:00,LIN1F026,11,,,,
LIN3_T06,11:39:00,11:39:00,LIN1F027,12,,,,
LIN3_T06,11:40:00,11:40:00,LIN1F028,13,,,,
LIN3_T06,11:41:00,11:41:00,LIN3F014,14,,,,
LIN3_T06,11:42:00,11:42:00,LIN3F015,15,,,,
LIN3_T06,11:43:00,11:43:00,LIN3F016,16,,,,
LIN3_T06,11:44:00,11:44:00,LIN2F019,17,,,,
LIN3_T06,11:46:00,11:46:00,LIN2F020,18,,,,
LIN3_T06,11:47:00,11:47:00,LIN1F009,19,,,,
LIN3_T06,11:48:00,11:48:00,LIN3F020,20,,,,
LIN3_T06,11:49:00,11:49:00,LIN3F021,21,,,,
LIN3_T06,11:50:00,11:50:00,LIN3F022,22,,,,
LIN3_T06,11:51:00,11:51:00,LIN3F023,23,,,,
LIN3_T06,11:52:00,11:52:00,LIN3F024,24,,,,
LIN3_T06,11:53:00,11:53:00,LIN3F025,25,,,,
LIN3_T06,11:55:00,11:55:00,LIN3F026,26,,,,
LIN3_T06,11:56:00,11:56:00,LIN3F027,27,,,,
LIN3_T06,11:58:00,11:58:00,LIN3F028,28,,,,
LIN3_T06,11:59:00,11:59:00,LIN3F029,29,,,,
LIN3_T06,12:00:00,12:00:00,LIN3F030,30,,,,
LIN3_T06,12:02:00,12:02:00,LIN3F031,31,,,,
LIN3_T06,12:03:00,12:03:00,LIN3F032,32,,,,
LIN3_T06,12:05:00,12:05:00,LIN3F033,33,,,,
LIN3_T06,12:06:00,12:06:00,LIN3F034,34,,,,
LIN3_T06,12:07:00,12:07:00,LIN3F035,35,,,,
LIN3_T06,12:09:00,12:09:00,LIN3F036,36,,,,
LIN3_T06,12:10:00,12:10:00,LIN3F037,37,,,,
LIN3_T06,12:13:00,12:13:00,LIN3F038,38,,,,
LIN3_T06,12:14:00,12:14:00,LIN3F039,39,,,,
LIN3_T06,12:15:00,12:15:00,LIN3F040,40,,,,
LIN3_T06,12:17:00,12:17:00,LIN3F041,41,,,,
LIN3_T06,12:18:00,12:18:00,LIN3F042,42,,,,
LIN3_T06,12:19:00,12:19:00,LIN3F043,43,,,,
LIN3_T07,12:30:00,12:30:00,LIN3F001,1,,,,
LIN3_T07,12:31:00,12:31:00,LIN1F003,2,,,,
LIN3_T07,12:32:00,12:32:00,LIN1F004,3,,,,
LIN3_T07,12:33:00,12:33:00,LIN1F005,4,,,,
LIN3_T07,12:34:00,12:34:00,LIN3F005,5,,,,
LIN3_T07,12:35:00,12:35:00,LIN3F006,6,,,,
LIN3_T07,12:36:00,12:36:00,LIN3F007,7,,,,
LIN3_T07,12:37:00,12:37:00,LIN2F009,8,,,,
LIN3_T07,12:38:00,12:38:00,LIN3F009,9,,,,
LIN3_T07,12:39:00,12:39:00,LIN1F025,10,,,,
LIN3_T07,12:40:00,12:40:00,LIN1F026,11,,,,
LIN3_T07,12:41:00,12:41:00,LIN1F027,12,,,,
LIN3_T07,12:42:00,12:42:00,LIN1F028,13,,,,
LIN3_T07,12:43:00,12:43:00,LIN3F014,14,,,,
LIN3_T07,12:44:00,12:44:00,LIN3F015,15,,,,
LIN3_T07,12:45:00,12:45:00,LIN3F016,16,,,,
LIN3_T07,12:46:00,12:46:00,LIN2F019,17,,,,
LIN3_T07,12:48:00,12:48:00,LIN2F020,18,,,,
LIN3_T07,12:49:00,12:49:00,LIN1F009,19,,,,
LIN3_T07,12:50:00,12:50:00,LIN3F020,20,,,,
LIN3_T07,12:51:00,12:51:00,LIN3F021,21,,,,
LIN3_T07,12:52:00,12:52:00,LIN3F022,22,,,,
LIN3_T07,12:53:00,12:53:00,LIN3F023,23,,,,
LIN3_T07,12:54:00,12:54:00,LIN3F024,24,,,,
LIN3_T07,12:55:00,12:55:00,LIN3F025,25,,,,
LIN3_T07,12:57:00,12:57:00,LIN3F026,26,,,,
LIN3_T07,12:58:00,12:58:00,LIN3F027,27,,,,
LIN3_T07,13:00:00,13:00:00,LIN3F028,28,,,,
LIN3_T07,13:01:00,13:01:00,LIN3F029,29,,,,
LIN3_T07,13:02:00,13:02:00,LIN3F030,30,,,,
LIN3_T07,13:04:00,13:04:00,LIN3F031,31,,,,
LIN3_T07,13:05:00,13:05:00,LIN3F032,32,,,,
LIN3_T07,13:07:00,13:07:00,LIN3F033,33,,,,
LIN3_T07,13:08:00,13:08:00,LIN3F034,34,,,,
LIN3_T07,13:09:00,13:09:00,LIN3F035,35,,,,
LIN3_T07,13:11:00,13:11:00,LIN3F036,36,,,,
LIN3_T07,13:12:00,13:12:00,LIN3F037,37,,,,
LIN3_T07,13:15:00,13:15:00,LIN3F038,38,,,,
LIN3_T07,13:16:00,13:16:00,LIN3F039,39,,,,
LIN3_T07,13:17:00,13:17:00,LIN3F040,40,,,,
LIN3_T07,13:19:00,13:19:00,LIN3F041,41,,,,
LIN3_T07,13:20:00,13:20:00,LIN3F042,42,,,,
LIN3_T07,13:21:00,13:21:00,LIN3F043,43,,,,
LIN3_T08,13:22:00,13:22:00,LIN3F001,1,,,,
LIN3_T08,13:23:00,13:23:00,LIN1F003,2,,,,
LIN3_T08,13:24:00,13:24:00,LIN1F004,3,,,,
LIN3_T08,13:25:00,13:25:00,LIN1F005,4,,,,
LIN3_T08,13:26:00,13:26:00,LIN3F005,5,,,,
LIN3_T08,13:27:00,13:27:00,LIN3F006,6,,,,
LIN3_T08,13:28:00,13:28:00,LIN3F007,7,,,,
LIN3_T08,13:29:00,13:29:00,LIN2F009,8,,,,
LIN3_T08,13:30:00,13:30:00,LIN3F009,9,,,,
LIN3_T08,13:31:00,13:31:00,LIN1F025,10,,,,
LIN3_T08,13:32:00,13:32:00,LIN1F026,11,,,,
LIN3_T08,13:33:00,13:33:00,LIN1F027,12,,,,
LIN3_T08,13:34:00,13:34:00,LIN1F028,13,,,,
LIN3_T08,13:35:00,13:35:00,LIN3F014,14,,,,
LIN3_T08,13:36:00,13:36:00,LIN3F015,15,,,,
LIN3_T08,13:37:00,13:37:00,LIN3F016,16,,,,
LIN3_T08,13:38:00,13:38:00,LIN2F019,17,,,,
LIN3_T08,13:40:00,13:40:00,LIN2F020,18,,,,
LIN3_T08,13:41:00,13:41:00,LIN1F009,19,,,,
LIN3_T08,13:42:00,13:42:00,LIN3F020,20,,,,
LIN3_T08,13:43:00,13:43:00,LIN3F021,21,,,,
LIN3_T08,13:44:00,13:44:00,LIN3F022,22,,,,
LIN3_T08,13:45:00,13:45:00,LIN3F023,23,,,,
LIN3_T08,13:46:00,13:46:00,LIN3F024,24,,,,
LIN3_T08,13:47:00,13:47:00,LIN3F025,25,,,,
LIN3_T08,13:49:00,13:49:00,LIN3F026,26,,,,
LIN3_T08,13:50:00,13:50:00,LIN3F027,27,,,,
LIN3_T08,13:52:00,13:52:00,LIN3F028,28,,,,
LIN3_T08,13:53:00,13:53:00,LIN3F029,29,,,,
LIN3_T08,13:54:00,13:54:00,LIN3F030,30,,,,
LIN3_T08,13:56:00,13:56:00,LIN3F031,31,,,,
LIN3_T08,13:57:00,13:57:00,LIN3F032,32,,,,
LIN3_T08,13:59:00,13:59:00,LIN3F033,33,,,,
LIN3_T08,14:00:00,14:00:00,LIN3F034,34,,,,
LIN3_T08,14:01:00,14:01:00,LIN3F035,35,,,,
LIN3_T08,14:03:00,14:03:00,LIN3F036,36,,,,
LIN3_T08,14:04:00,14:04:00,LIN3F037,37,,,,
LIN3_T08,14:07:00,14:07:00,LIN3F038,38,,,,
LIN3_T08,14:08:00,14:08:00,LIN3F039,39,,,,
LIN3_T08,14:09:00,14:09:00,LIN3F040,40,,,,
LIN3_T08,14:11:00,14:11:00,LIN3F041,41,,,,
LIN3_T08,14:12:00,14:12:00,LIN3F042,42,,,,
LIN3_T08,14:13:00,14:13:00,LIN3F043,43,,,,
LIN3_T09,15:18:00,15:18:00,LIN3F001,1,,,,
LIN3_T09,15:19:00,15:19:00,LIN1F003,2,,,,
LIN3_T09,15:20:00,15:20:00,LIN1F004,3,,,,
LIN3_T09,15:21:00,15:21:00,LIN1F005,4,,,,
LIN3_T09,15:22:00,15:22:00,LIN3F005,5,,,,
LIN3_T09,15:23:00,15:23:00,LIN3F006,6,,,,
LIN3_T09,15:24:00,15:24:00,LIN3F007,7,,,,
LIN3_T09,15:25:00,15:25:00,LIN2F009,8,,,,
LIN3_T09,15:26:00,15:26:00,LIN3F009,9,,,,
LIN3_T09,15:27:00,15:27:00,LIN1F025,10,,,,
LIN3_T09,15:28:00,15:28:00,LIN1F026,11,,,,
LIN3_T09,15:29:00,15:29:00,LIN1F027,12,,,,
LIN3_T09,15:30:00,15:30:00,LIN1F028,13,,,,
LIN3_T09,15:31:00,15:31:00,LIN3F014,14,,,,
LIN3_T09,15:32:00,15:32:00,LIN3F015,15,,,,
LIN3_T09,15:33:00,15:33:00,LIN3F016,16,,,,
LIN3_T09,15:34:00,15:34:00,LIN2F019,17,,,,
LIN3_T09,15:36:00,15:36:00,LIN2F020,18,,,,
LIN3_T09,15:37:00,15:37:00,LIN1F009,19,,,,
LIN3_T09,15:38:00,15:38:00,LIN3F020,20,,,,
LIN3_T09,15:39:00,15:39:00,LIN3F021,21,,,,
LIN3_T09,15:40:00,15:40:00,LIN3F022,22,,,,
LIN3_T09,15:41:00,15:41:00,LIN3F023,23,,,,
LIN3_T09,15:42:00,15:42:00,LIN3F024,24,,,,
LIN3_T09,15:43:00,15:43:00,LIN3F025,25,,,,
LIN3_T09,15:45:00,15:45:00,LIN3F026,26,,,,
LIN3_T09,15:46:00,15:46:00,LIN3F027,27,,,,
LIN3_T09,15:48:00,15:48:00,LIN3F028,28,,,,
LIN3_T09,15:49:00,15:49:00,LIN3F029,29,,,,
LIN3_T09,15:50:00,15:50:00,LIN3F030,30,,,,
LIN3_T09,15:52:00,15:52:00,LIN3F031,31,,,,
LIN3_T09,15:53:00,15:53:00,LIN3F032,32,,,,
LIN3_T09,15:55:00,15:55:00,LIN3F033,33,,,,
LIN3_T09,15:56:00,15:56:00,LIN3F034,34,,,,
LIN3_T09,15:57:00,15:57:00,LIN3F035,35,,,,
LIN3_T09,15:59:00,15:59:00,LIN3F036,36,,,,
LIN3_T09,16:00:00,16:00:00,LIN3F037,37,,,,
LIN3_T09,16:03:00,16:03:00,LIN3F038,38,,,,
LIN3_T09,16:04:00,16:04:00,LIN3F039,39,,,,
LIN3_T09,16:05:00,16:05:00,LIN3F040,40,,,,
LIN3_T09,16:07:00,16:07:00,LIN3F041,41,,,,
LIN3_T09,16:08:00,16:08:00,LIN3F042,42,,,,
LIN3_T09,16:09:00,16:09:00,LIN3F043,43,,,,
LIN3_T10,16:10:00,16:10:00,LIN3F001,1,,,,
LIN3_T10,16:11:00,16:11:00,LIN1F003,2,,,,
LIN3_T10,16:12:00,16:12:00,LIN1F004,3,,,,
LIN3_T10,16:13:00,16:13:00,LIN1F005,4,,,,
LIN3_T10,16:14:00,16:14:00,LIN3F005,5,,,,
LIN3_T10,16:15:00,16:15:00,LIN3F006,6,,,,
LIN3_T10,16:16:00,16:16:00,LIN3F007,7,,,,
LIN3_T10,16:17:00,16:17:00,LIN2F009,8,,,,
LIN3_T10,16:18:00,16:18:00,LIN3F009,9,,,,
LIN3_T10,16:19:00,16:19:00,LIN1F025,10,,,,
LIN3_T10,16:20:00,16:20:00,LIN1F026,11,,,,
LIN3_T10,16:21:00,16:21:00,LIN1F027,12,,,,
LIN3_T10,16:22:00,16:22:00,LIN1F028,13,,,,
LIN3_T10,16:23:00,16:23:00,LIN3F014,14,,,,
LIN3_T10,16:24:00,16:24:00,LIN3F015,15,,,,
LIN3_T10,16:25:00,16:25:00,LIN3F016,16,,,,
LIN3_T10,16:26:00,16:26:00,LIN2F019,17,,,,
LIN3_T10,16:28:00,16:28:00,LIN2F020,18,,,,
LIN3_T10,16:29:00,16:29:00,LIN1F009,19,,,,
LIN3_T10,16:30:00,16:30:00,LIN3F020,20,,,,
LIN3_T10,16:31:00,16:31:00,LIN3F021,21,,,,
LIN3_T10,16:32:00,16:32:00,LIN3F022,22,,,,
LIN3_T10,16:33:00,16:33:00,LIN3F023,23,,,,
LIN3_T10,16:34:00,16:34:00,LIN3F024,24,,,,
LIN3_T10,16:35:00,16:35:00,LIN3F025,25,,,,
LIN3_T10,16:37:00,16:37:00,LIN3F026,26,,,,
LIN3_T10,16:38:00,16:38:00,LIN3F027,27,,,,
LIN3_T10,16:40:00,16:40:00,LIN3F028,28,,,,
LIN3_T10,16:41:00,16:41:00,LIN3F029,29,,,,
LIN3_T10,16:42:00,16:42:00,LIN3F030,30,,,,
LIN3_T10,16:44:00,16:44:00,LIN3F031,31,,,,
LIN3_T10,16:45:00,16:45:00,LIN3F032,32,,,,
LIN3_T10,16:47:00,16:47:00,LIN3F033,33,,,,
LIN3_T10,16:48:00,16:48:00,LIN3F034,34,,,,
LIN3_T10,16:49:00,16:49:00,LIN3F035,35,,,,
LIN3_T10,16:51:00,16:51:00,LIN3F036,36,,,,
LIN3_T10,16:52:00,16:52:00,LIN3F037,37,,,,
LIN3_T10,16:55:00,16:55:00,LIN3F038,38,,,,
LIN3_T10,16:56:00,16:56:00,LIN3F039,39,,,,
LIN3_T10,16:57:00,16:57:00,LIN3F040,40,,,,
LIN3_T10,16:59:00,16:59:00,LIN3F041,41,,,,
LIN3_T10,17:00:00,17:00:00,LIN3F042,42,,,,
LIN3_T10,17:01:00,17:01:00,LIN3F043,43,,,,
LIN3_T11,17:34:00,17:34:00,LIN3F001,1,,,,
LIN3_T11,17:35:00,17:35:00,LIN1F003,2,,,,
LIN3_T11,17:36:00,17:36:00,LIN1F004,3,,,,
LIN3_T11,17:37:00,17:37:00,LIN1F005,4,,,,
LIN3_T11,17:38:00,17:38:00,LIN3F005,5,,,,
LIN3_T11,17:39:00,17:39:00,LIN3F006,6,,,,
LIN3_T11,17:40:00,17:40:00,LIN3F007,7,,,,
LIN3_T11,17:41:00,17:41:00,LIN2F009,8,,,,
LIN3_T11,17:42:00,17:42:00,LIN3F009,9,,,,
LIN3_T11,17:43:00,17:43:00,LIN1F025,10,,,,
LIN3_T11,17:44:00,17:44:00,LIN1F026,11,,,,
LIN3_T11,17:45:00,17:45:00,LIN1F027,12,,,,
LIN3_T11,17:46:00,17:46:00,LIN1F028,13,,,,
LIN3_T11,17:47:00,17:47:00,LIN3F014,14,,,,
LIN3_T11,17:48:00,17:48:00,LIN3F015,15,,,,
LIN3_T11,17:49:00,17:49:00,LIN3F016,16,,,,
LIN3_T11,17:50:00,17:50:00,LIN2F019,17,,,,
LIN3_T11,17:52:00,17:52:00,LIN2F020,18,,,,
LIN3_T11,17:53:00,17:53:00,LIN1F009,19,,,,
LIN3_T11,17:54:00,17:54:00,LIN3F020,20,,,,
LIN3_T11,17:55:00,17:55:00,LIN3F021,21,,,,
LIN3_T11,17:56:00,17:56:00,LIN3F022,22,,,,
LIN3_T11,17:57:00,17:57:00,LIN3F023,23,,,,
LIN3_T11,17:58:00,17:58:00,LIN3F024,24,,,,
LIN3_T11,17:59:00,17:59:00,LIN3F025,25,,,,
LIN3_T11,18:01:00,18:01:00,LIN3F026,26,,,,
LIN3_T11,18:02:00,18:02:00,LIN3F027,27,,,,
LIN3_T11,18:04:00,18:04:00,LIN3F028,28,,,,
LIN3_T11,18:05:00,18:05:00,LIN3F029,29,,,,
LIN3_T11,18:06:00,18:06:00,LIN3F030,30,,,,
LIN3_T11,18:08:00,18:08:00,LIN3F031,31,,,,
LIN3_T11,18:09:00,18:09:00,LIN3F032,32,,,,
LIN3_T11,18:11:00,18:11:00,LIN3F033,33,,,,
LIN3_T11,18:12:00,18:12:00,LIN3F034,34,,,,
LIN3_T11,18:13:00,18:13:00,LIN3F035,35,,,,
LIN3_T11,18:15:00,18:15:00,LIN3F036,36,,,,
LIN3_T11,18:16:00,18:16:00,LIN3F037,37,,,,
LIN3_T11,18:19:00,18:19:00,LIN3F038,38,,,,
LIN3_T11,18:20:00,18:20:00,LIN3F039,39,,,,
LIN3_T11,18:21:00,18:21:00,LIN3F040,40,,,,
LIN3_T11,18:23:00,18:23:00,LIN3F041,41,,,,
LIN3_T11,18:24:00,18:24:00,LIN3F042,42,,,,
LIN3_T11,18:25:00,18:25:00,LIN3F043,43,,,,
LIN3_T12,18:26:00,18:26:00,LIN3F001,1,,,,
LIN3_T12,18:27:00,18:27:00,LIN1F003,2,,,,
LIN3_T12,18:28:00,18:28:00,LIN1F004,3,,,,
LIN3_T12,18:29:00,18:29:00,LIN1F005,4,,,,
LIN3_T12,18:30:00,18:30:00,LIN3F005,5,,,,
LIN3_T12,18:31:00,18:31:00,LIN3F006,6,,,,
LIN3_T12,18:32:00,18:32:00,LIN3F007,7,,,,
LIN3_T12,18:33:00,18:33:00,LIN2F009,8,,,,
LIN3_T12,18:34:00,18:34:00,LIN3F009,9,,,,
LIN3_T12,18:35:00,18:35:00,LIN1F025,10,,,,
LIN3_T12,18:36:00,18:36:00,LIN1F026,11,,,,
LIN3_T12,18:37:00,18:37:00,LIN1F027,12,,,,
LIN3_T12,18:38:00,18:38:00,LIN1F028,13,,,,
LIN3_T12,18:39:00,18:39:00,LIN3F014,14,,,,
LIN3_T12,18:40:00,18:40:00,LIN3F015,15,,,,
LIN3_T12,18:41:00,18:41:00,LIN3F016,16,,,,
LIN3_T12,18:42:00,18:42:00,LIN2F019,17,,,,
LIN3_T12,18:44:00,18:44:00,LIN2F020,18,,,,
LIN3_T12,18:45:00,18:45:00,LIN1F009,19,,,,
LIN3_T12,18:46:00,18:46:00,LIN3F020,20,,,,
LIN3_T12,18:47:00,18:47:00,LIN3F021,21,,,,
LIN3_T12,18:48:00,18:48:00,LIN3F022,22,,,,
LIN3_T12,18:49:00,18:49:00,LIN3F023,23,,,,
LIN3_T12,18:50:00,18:50:00,LIN3F024,24,,,,
LIN3_T12,18:51:00,18:51:00,LIN3F025,25,,,,
LIN3_T12,18:53:00,18:53:00,LIN3F026,26,,,,
LIN3_T12,18:54:00,18:54:00,LIN3F027,27,,,,
LIN3_T12,18:56:00,18:56:00,LIN3F028,28,,,,
LIN3_T12,18:57:00,18:57:00,LIN3F029,29,,,,
LIN3_T12,18:58:00,18:58:00,LIN3F030,30,,,,
LIN3_T12,19:00:00,19:00:00,LIN3F031,31,,,,
LIN3_T12,19:01:00,19:01:00,LIN3F032,32,,,,
LIN3_T12,19:03:00,19:03:00,LIN3F033,33,,,,
LIN3_T12,19:04:00,19:04:00,LIN3F034,34,,,,
LIN3_T12,19:05:00,19:05:00,LIN3F035,35,,,,
LIN3_T12,19:07:00,19:07:00,LIN3F036,36,,,,
LIN3_T12,19:08:00,19:08:00,LIN3F037,37,,,,
LIN3_T12,19:11:00,19:11:00,LIN3F038,38,,,,
LIN3_T12,19:12:00,19:12:00,LIN3F039,39,,,,
LIN3_T12,19:13:00,19:13:00,LIN3F040,40,,,,
LIN3_T12,19:15:00,19:15:00,LIN3F041,41,,,,
LIN3_T12,19:16:00,19:16:00,LIN3F042,42,,,,
LIN3_T12,19:17:00,19:17:00,LIN3F043,43,,,,
LIN3_T13,19:28:00,19:28:00,LIN3F001,1,,,,
LIN3_T13,19:29:00,19:29:00,LIN1F003,2,,,,
LIN3_T13,19:30:00,19:30:00,LIN1F004,3,,,,
LIN3_T13,19:31:00,19:31:00,LIN1F005,4,,,,
LIN3_T13,19:32:00,19:32:00,LIN3F005,5,,,,
LIN3_T13,19:33:00,19:33:00,LIN3F006,6,,,,
LIN3_T13,19:34:00,19:34:00,LIN3F007,7,,,,
LIN3_T13,19:35:00,19:35:00,LIN2F009,8,,,,
LIN3_T13,19:36:00,19:36:00,LIN3F009,9,,,,
LIN3_T13,19:37:00,19:37:00,LIN1F025,10,,,,
LIN3_T13,19:38:00,19:38:00,LIN1F026,11,,,,
LIN3_T13,19:39:00,19:39:00,LIN1F027,12,,,,
LIN3_T13,19:40:00,19:40:00,LIN1F028,13,,,,
LIN3_T13,19:41:00,19:41:00,LIN3F014,14,,,,
LIN3_T13,19:42:00,19:42:00,LIN3F015,15,,,,
LIN3_T13,19:43:00,19:43:00,LIN3F016,16,,,,
LIN3_T13,19:44:00,19:44:00,LIN2F019,17,,,,
LIN3_T13,19:46:00,19:46:00,LIN2F020,18,,,,
LIN3_T13,19:47:00,19:47:00,LIN1F009,19,,,,
LIN3_T13,19:48:00,19:48:00,LIN3F020,20,,,,
LIN3_T13,19:49:00,19:49:00,LIN3F021,21,,,,
LIN3_T13,19:50:00,19:50:00,LIN3F022,22,,,,
LIN3_T13,19:51:00,19:51:00,LIN3F023,23,,,,
LIN3_T13,19:52:00,19:52:00,LIN3F024,24,,,,
LIN3_T13,19:53:00,19:53:00,LIN3F025,25,,,,
LIN3_T13,19:55:00,19:55:00,LIN3F026,26,,,,
LIN3_T13,19:56:00,19:56:00,LIN3F027,27,,,,
LIN3_T13,19:58:00,19:58:00,LIN3F028,28,,,,
LIN3_T13,19:59:00,19:59:00,LIN3F029,29,,,,
LIN3_T13,20:00:00,20:00:00,LIN3F030,30,,,,
LIN3_T13,20:02:00,20:02:00,LIN3F031,31,,,,
LIN3_T13,20:03:00,20:03:00,LIN3F032,32,,,,
LIN3_T13,20:05:00,20:05:00,LIN3F033,33,,,,
LIN3_T13,20:06:00,20:06:00,LIN3F034,34,,,,
LIN3_T13,20:07:00,20:07:00,LIN3F035,35,,,,
LIN3_T13,20:09:00,20:09:00,LIN3F036,36,,,,
LIN3_T13,20:10:00,20:10:00,LIN3F037,37,,,,
LIN3_T13,20:13:00,20:13:00,LIN3F038,38,,,,
LIN3_T13,20:14:00,20:14:00,LIN3F039,39,,,,
LIN3_T13,20:15:00,20:15:00,LIN3F040,40,,,,
LIN3_T13,20:17:00,20:17:00,LIN3F041,41,,,,
LIN3_T13,20:18:00,20:18:00,LIN3F042,42,,,,
LIN3_T13,20:19:00,20:19:00,LIN3F043,43,,,,
LIN3_T14,20:20:00,20:20:00,LIN3F001,1,,,,
LIN3_T14,20:21:00,20:21:00,LIN1F003,2,,,,
LIN3_T14,20:22:00,20:22:00,LIN1F004,3,,,,
LIN3_T14,20:23:00,20:23:00,LIN1F005,4,,,,
LIN3_T14,20:24:00,20:24:00,LIN3F005,5,,,,
LIN3_T14,20:25:00,20:25:00,LIN3F006,6,,,,
LIN3_T14,20:26:00,20:26:00,LIN3F007,7,,,,
LIN3_T14,20:27:00,20:27:00,LIN2F009,8,,,,
LIN3_T14,20:28:00,20:28:00,LIN3F009,9,,,,
LIN3_T14,20:29:00,20:29:00,LIN1F025,10,,,,
LIN3_T14,20:30:00,20:30:00,LIN1F026,11,,,,
LIN3_T14,20:31:00,20:31:00,LIN1F027,12,,,,
LIN3_T14,20:32:00,20:32:00,LIN1F028,13,,,,
LIN3_T14,20:33:00,20:33:00,LIN3F014,14,,,,
LIN3_T14,20:34:00,20:34:00,LIN3F015,15,,,,
LIN3_T14,20:35:00,20:35:00,LIN3F016,16,,,,
LIN3_T14,20:36:00,20:36:00,LIN2F019,17,,,,
LIN3_T14,20:38:00,20:38:00,LIN2F020,18,,,,
LIN3_T14,20:39:00,20:39:00,LIN1F009,19,,,,
LIN3_T14,20:40:00,20:40:00,LIN3F020,20,,,,
LIN3_T14,20:41:00,20:41:00,LIN3F021,21,,,,
LIN3_T14,20:42:00,20:42:00,LIN3F022,22,,,,
LIN3_T14,20:43:00,20:43:00,LIN3F023,23,,,,
LIN3_T14,20:44:00,20:44:00,LIN3F024,24,,,,
LIN3_T14,20:45:00,20:45:00,LIN3F025,25,,,,
LIN3_T14,20:47:00,20:47:00,LIN3F026,26,,,,
LIN3_T14,20:48:00,20:48:00,LIN3F027,27,,,,
LIN3_T14,20:50:00,20:50:00,LIN3F028,28,,,,
LIN3_T14,20:51:00,20:51:00,LIN3F029,29,,,,
LIN3_T14,20:52:00,20:52:00,LIN3F030,30,,,,
LIN3_T14,20:54:00,20:54:00,LIN3F031,31,,,,
LIN3_T14,20:55:00,20:55:00,LIN3F032,32,,,,
LIN3_T14,20:57:00,20:57:00,LIN3F033,33,,,,
LIN3_T14,20:58:00,20:58:00,LIN3F034,34,,,,
LIN3_T14,20:59:00,20:59:00,LIN3F035,35,,,,
LIN3_T14,21:01:00,21:01:00,LIN3F036,36,,,,
LIN3_T14,21:02:00,21:02:00,LIN3F037,37,,,,
LIN3_T14,21:05:00,21:05:00,LIN3F038,38,,,,
LIN3_T14,21:06:00,21:06:00,LIN3F039,39,,,,
LIN3_T14,21:07:00,21:07:00,LIN3F040,40,,,,
LIN3_T14,21:09:00,21:09:00,LIN3F041,41,,,,
LIN3_T14,21:10:00,21:10:00,LIN3F042,42,,,,
LIN3_T14,21:11:00,21:11:00,LIN3F043,43,,,,
LIN4_T01,09:09:00,09:09:00,LIN4F001,1,,,,
LIN4_T01,09:10:00,09:10:00,LIN4F002,2,,,,
LIN4_T01,09:11:00,09:11:00,LIN2F020,3,,,,
LIN4_T01,09:12:00,09:12:00,LIN1F009,4,,,,
LIN4_T01,09:13:00,09:13:00,LIN3F020,5,,,,
LIN4_T01,09:14:00,09:14:00,LIN4F006,6,,,,
LIN4_T01,09:15:00,09:15:00,LIN4F007,7,,,,
LIN4_T01,09:16:00,09:16:00,LIN4F008,8,,,,
LIN4_T01,09:17:00,09:17:00,LIN4F009,9,,,,
LIN4_T01,09:18:00,09:18:00,LIN4F010,10,,,,
LIN4_T01,09:19:00,09:19:00,LIN4F011,11,,,,
LIN4_T01,09:21:00,09:21:00,LIN4F012,12,,,,
LIN4_T01,09:22:00,09:22:00,LIN1F014,13,,,,
LIN4_T01,09:24:00,09:24:00,LIN1F016,14,,,,
LIN4_T01,09:25:00,09:25:00,LIN1F017,15,,,,
LIN4_T01,09:26:00,09:26:00,LIN1F018,16,,,,
LIN4_T01,09:27:00,09:27:00,LIN1F019,17,,,,
LIN4_T01,09:28:00,09:28:00,LIN3F024,18,,,,
LIN4_T01,09:30:00,09:30:00,LIN4F019,19,,,,
LIN4_T01,09:32:00,09:32:00,LIN4F020,20,,,,
LIN4_T01,09:33:00,09:33:00,LIN4F021,21,,,,
LIN4_T01,09:34:00,09:34:00,LIN4F022,22,,,,
LIN4_T01,09:35:00,09:35:00,LIN4F023,23,,,,
LIN4_T01,09:37:00,09:37:00,LIN4F024,24,,,,
LIN4_T01,09:39:00,09:39:00,LIN1F020,25,,,,
LIN4_T01,09:41:00,09:41:00,LIN1F021,26,,,,
LIN4_T01,09:42:00,09:42:00,LIN1F022,27,,,,
LIN4_T01,09:43:00,09:43:00,LIN1F023,28,,,,
LIN4_T01,09:44:00,09:44:00,LIN1F024,29,,,,
LIN4_T01,09:46:00,09:46:00,LIN4F030,30,,,,
LIN4_T01,09:48:00,09:48:00,LIN1F035,31,,,,
LIN4_T01,09:49:00,09:49:00,LIN4F032,32,,,,
LIN4_T02,09:51:00,09:51:00,LIN4F001,1,,,,
LIN4_T02,09:52:00,09:52:00,LIN4F002,2,,,,
LIN4_T02,09:53:00,09:53:00,LIN2F020,3,,,,
LIN4_T02,09:54:00,09:54:00,LIN1F009,4,,,,
LIN4_T02,09:55:00,09:55:00,LIN3F020,5,,,,
LIN4_T02,09:56:00,09:56:00,LIN4F006,6,,,,
LIN4_T02,09:57:00,09:57:00,LIN4F007,7,,,,
LIN4_T02,09:58:00,09:58:00,LIN4F008,8,,,,
LIN4_T02,09:59:00,09:59:00,LIN4F009,9,,,,
LIN4_T02,10:00:00,10:00:00,LIN4F010,10,,,,
LIN4_T02,10:01:00,10:01:00,LIN4F011,11,,,,
LIN4_T02,10:03:00,10:03:00,LIN4F012,12,,,,
LIN4_T02,10:04:00,10:04:00,LIN1F014,13,,,,
LIN4_T02,10:06:00,10:06:00,LIN1F016,14,,,,
LIN4_T02,10:07:00,10:07:00,LIN1F017,15,,,,
LIN4_T02,10:08:00,10:08:00,LIN1F018,16,,,,
LIN4_T02,10:09:00,10:09:00,LIN1F019,17,,,,
LIN4_T02,10:11:00,10:11:00,LIN1F020,18,,,,
LIN4_T02,10:13:00,10:13:00,LIN1F021,19,,,,
LIN4_T02,10:14:00,10:14:00,LIN1F022,20,,,,
LIN4_T02,10:15:00,10:15:00,LIN1F023,21,,,,
LIN4_T02,10:16:00,10:16:00,LIN1F024,22,,,,
LIN4_T02,10:18:00,10:18:00,LIN4F030,23,,,,
LIN4_T02,10:20:00,10:20:00,LIN1F035,24,,,,
LIN4_T02,10:21:00,10:21:00,LIN4F032,25,,,,
LIN4_T03,10:33:00,10:33:00,LIN4F001,1,,,,
LIN4_T03,10:34:00,10:34:00,LIN4F002,2,,,,
LIN4_T03,10:35:00,10:35:00,LIN2F020,3,,,,
LIN4_T03,10:36:00,10:36:00,LIN1F009,4,,,,
LIN4_T03,10:37:00,10:37:00,LIN3F020,5,,,,
LIN4_T03,10:38:00,10:38:00,LIN4F006,6,,,,
LIN4_T03,10:39:00,10:39:00,LIN4F007,7,,,,
LIN4_T03,10:40:00,10:40:00,LIN4F008,8,,,,
LIN4_T03,10:41:00,10:41:00,LIN4F009,9,,,,
LIN4_T03,10:42:00,10:42:00,LIN4F010,10,,,,
LIN4_T03,10:43:00,10:43:00,LIN4F011,11,,,,
LIN4_T03,10:45:00,10:45:00,LIN4F012,12,,,,
LIN4_T03,10:46:00,10:46:00,LIN1F014,13,,,,
LIN4_T03,10:48:00,10:48:00,LIN1F016,14,,,,
LIN4_T03,10:49:00,10:49:00,LIN1F017,15,,,,
LIN4_T03,10:50:00,10:50:00,LIN1F018,16,,,,
LIN4_T03,10:51:00,10:51:00,LIN1F019,17,,,,
LIN4_T03,10:53:00,10:53:00,LIN1F020,18,,,,
LIN4_T03,10:55:00,10:55:00,LIN1F021,19,,,,
LIN4_T03,10:56:00,10:56:00,LIN1F022,20,,,,
LIN4_T03,10:57:00,10:57:00,LIN1F023,21,,,,
LIN4_T03,10:58:00,10:58:00,LIN1F024,22,,,,
LIN4_T03,11:00:00,11:00:00,LIN4F030,23,,,,
LIN4_T03,11:02:00,11:02:00,LIN1F035,24,,,,
LIN4_T03,11:03:00,11:03:00,LIN4F032,25,,,,
LIN4_T04,11:05:00,11:05:00,LIN4F001,1,,,,
LIN4_T04,11:06:00,11:06:00,LIN4F002,2,,,,
LIN4_T04,11:07:00,11:07:00,LIN2F020,3,,,,
LIN4_T04,11:08:00,11:08:00,LIN1F009,4,,,,
LIN4_T04,11:09:00,11:09:00,LIN3F020,5,,,,
LIN4_T04,11:10:00,11:10:00,LIN4F006,6,,,,
LIN4_T04,11:11:00,11:11:00,LIN4F007,7,,,,
LIN4_T04,11:12:00,11:12:00,LIN4F008,8,,,,
LIN4_T04,11:13:00,11:13:00,LIN4F009,9,,,,
LIN4_T04,11:14:00,11:14:00,LIN4F010,10,,,,
LIN4_T04,11:15:00,11:15:00,LIN4F011,11,,,,
LIN4_T04,11:17:00,11:17:00,LIN4F012,12,,,,
LIN4_T04,11:18:00,11:18:00,LIN1F014,13,,,,
LIN4_T04,11:20:00,11:20:00,LIN1F016,14,,,,
LIN4_T04,11:21:00,11:21:00,LIN1F017,15,,,,
LIN4_T04,11:22:00,11:22:00,LIN1F018,16,,,,
LIN4_T04,11:23:00,11:23:00,LIN1F019,17,,,,
LIN4_T04,11:25:00,11:25:00,LIN1F020,18,,,,
LIN4_T04,11:27:00,11:27:00,LIN1F021,19,,,,
LIN4_T04,11:28:00,11:28:00,LIN1F022,20,,,,
LIN4_T04,11:29:00,11:29:00,LIN1F023,21,,,,
LIN4_T04,11:30:00,11:30:00,LIN1F024,22,,,,
LIN4_T04,11:32:00,11:32:00,LIN4F030,23,,,,
LIN4_T04,11:34:00,11:34:00,LIN1F035,24,,,,
LIN4_T04,11:35:00,11:35:00,LIN4F032,25,,,,
LIN4_T05,11:37:00,11:37:00,LIN4F001,1,,,,
LIN4_T05,11:38:00,11:38:00,LIN4F002,2,,,,
LIN4_T05,11:39:00,11:39:00,LIN2F020,3,,,,
LIN4_T05,11:40:00,11:40:00,LIN1F009,4,,,,
LIN4_T05,11:41:00,11:41:00,LIN3F020,5,,,,
LIN4_T05,11:42:00,11:42:00,LIN4F006,6,,,,
LIN4_T05,11:43:00,11:43:00,LIN4F007,7,,,,
LIN4_T05,11:44:00,11:44:00,LIN4F008,8,,,,
LIN4_T05,11:45:00,11:45:00,LIN4F009,9,,,,
LIN4_T05,11:46:00,11:46:00,LIN4F010,10,,,,
LIN4_T05,11:47:00,11:47:00,LIN4F011,11,,,,
LIN4_T05,11:49:00,11:49:00,LIN4F012,12,,,,
LIN4_T05,11:50:00,11:50:00,LIN1F014,13,,,,
LIN4_T05,11:52:00,11:52:00,LIN1F016,14,,,,
LIN4_T05,11:53:00,11:53:00,LIN1F017,15,,,,
LIN4_T05,11:54:00,11:54:00,LIN1F018,16,,,,
LIN4_T05,11:55:00,11:55:00,LIN1F019,17,,,,
LIN4_T05,11:56:00,11:56:00,LIN3F024,18,,,,
LIN4_T05,11:58:00,11:58:00,LIN4F019,19,,,,
LIN4_T05,12:00:00,12:00:00,LIN4F020,20,,,,
LIN4_T05,12:01:00,12:01:00,LIN4F021,21,,,,
LIN4_T05,12:02:00,12:02:00,LIN4F022,22,,,,
LIN4_T05,12:03:00,12:03:00,LIN4F023,23,,,,
LIN4_T05,12:05:00,12:05:00,LIN4F024,24,,,,
LIN4_T05,12:07:00,12:07:00,LIN1F020,25,,,,
LIN4_T05,12:09:00,12:09:00,LIN1F021,26,,,,
LIN4_T05,12:10:00,12:10:00,LIN1F022,27,,,,
LIN4_T05,12:11:00,12:11:00,LIN1F023,28,,,,
LIN4_T05,12:12:00,12:12:00,LIN1F024,29,,,,
LIN4_T05,12:14:00,12:14:00,LIN4F030,30,,,,
LIN4_T05,12:16:00,12:16:00,LIN1F035,31,,,,
LIN4_T05,12:17:00,12:17:00,LIN4F032,32,,,,
LIN4_T06,12:19:00,12:19:00,LIN4F001,1,,,,
LIN4_T06,12:20:00,12:20:00,LIN4F002,2,,,,
LIN4_T06,12:21:00,12:21:00,LIN2F020,3,,,,
LIN4_T06,12:22:00,12:22:00,LIN1F009,4,,,,
LIN4_T06,12:23:00,12:23:00,LIN3F020,5,,,,
LIN4_T06,12:24:00,12:24:00,LIN4F006,6,,,,
LIN4_T06,12:25:00,12:25:00,LIN4F007,7,,,,
LIN4_T06,12:26:00,12:26:00,LIN4F008,8,,,,
LIN4_T06,12:27:00,12:27:00,LIN4F009,9,,,,
LIN4_T06,12:28:00,12:28:00,LIN4F010,10,,,,
LIN4_T06,12:29:00,12:29:00,LIN4F011,11,,,,
LIN4_T06,12:31:00,12:31:00,LIN4F012,12,,,,
LIN4_T06,12:32:00,12:32:00,LIN1F014,13,,,,
LIN4_T06,12:34:00,12:34:00,LIN1F016,14,,,,
LIN4_T06,12:35:00,12:35:00,LIN1F017,15,,,,
LIN4_T06,12:36:00,12:36:00,LIN1F018,16,,,,
LIN4_T06,12:37:00,12:37:00,LIN1F019,17,,,,
LIN4_T06,12:39:00,12:39:00,LIN1F020,18,,,,
LIN4_T06,12:41:00,12:41:00,LIN1F021,19,,,,
LIN4_T06,12:42:00,12:42:00,LIN1F022,20,,,,
LIN4_T06,12:43:00,12:43:00,LIN1F023,21,,,,
LIN4_T06,12:44:00,12:44:00,LIN1F024,22,,,,
LIN4_T06,12:46:00,12:46:00,LIN4F030,23,,,,
LIN4_T06,12:48:00,12:48:00,LIN1F035,24,,,,
LIN4_T06,12:49:00,12:49:00,LIN4F032,25,,,,
LIN4_T07,13:01:00,13:01:00,LIN4F001,1,,,,
LIN4_T07,13:02:00,13:02:00,LIN4F002,2,,,,
LIN4_T07,13:03:00,13:03:00,LIN2F020,3,,,,
LIN4_T07,13:04:00,13:04:00,LIN1F009,4,,,,
LIN4_T07,13:05:00,13:05:00,LIN3F020,5,,,,
LIN4_T07,13:06:00,13:06:00,LIN4F006,6,,,,
LIN4_T07,13:07:00,13:07:00,LIN4F007,7,,,,
LIN4_T07,13:08:00,13:08:00,LIN4F008,8,,,,
LIN4_T07,13:09:00,13:09:00,LIN4F009,9,,,,
LIN4_T07,13:10:00,13:10:00,LIN4F010,10,,,,
LIN4_T07,13:11:00,13:11:00,LIN4F011,11,,,,
LIN4_T07,13:13:00,13:13:00,LIN4F012,12,,,,
LIN4_T07,13:14:00,13:14:00,LIN1F014,13,,,,
LIN4_T07,13:16:00,13:16:00,LIN1F016,14,,,,
LIN4_T07,13:17:00,13:17:00,LIN1F017,15,,,,
LIN4_T07,13:18:00,13:18:00,LIN1F018,16,,,,
LIN4_T07,13:19:00,13:19:00,LIN1F019,17,,,,
LIN4_T07,13:21:00,13:21:00,LIN1F020,18,,,,
LIN4_T07,13:23:00,13:23:00,LIN1F021,19,,,,
LIN4_T07,13:24:00,13:24:00,LIN1F022,20,,,,
LIN4_T07,13:25:00,13:25:00,LIN1F023,21,,,,
LIN4_T07,13:26:00,13:26:00,LIN1F024,22,,,,
LIN4_T07,13:28:00,13:28:00,LIN4F030,23,,,,
LIN4_T07,13:30:00,13:30:00,LIN1F035,24,,,,
LIN4_T07,13:31:00,13:31:00,LIN4F032,25,,,,
LIN4_T08,15:30:00,15:30:00,LIN4F001,1,,,,
LIN4_T08,15:31:00,15:31:00,LIN4F002,2,,,,
LIN4_T08,15:32:00,15:32:00,LIN2F020,3,,,,
LIN4_T08,15:33:00,15:33:00,LIN1F009,4,,,,
LIN4_T08,15:34:00,15:34:00,LIN3F020,5,,,,
LIN4_T08,15:35:00,15:35:00,LIN4F006,6,,,,
LIN4_T08,15:36:00,15:36:00,LIN4F007,7,,,,
LIN4_T08,15:37:00,15:37:00,LIN4F008,8,,,,
LIN4_T08,15:38:00,15:38:00,LIN4F009,9,,,,
LIN4_T08,15:39:00,15:39:00,LIN4F010,10,,,,
LIN4_T08,15:40:00,15:40:00,LIN4F011,11,,,,
LIN4_T08,15:42:00,15:42:00,LIN4F012,12,,,,
LIN4_T08,15:43:00,15:43:00,LIN1F014,13,,,,
LIN4_T08,15:45:00,15:45:00,LIN1F016,14,,,,
LIN4_T08,15:46:00,15:46:00,LIN1F017,15,,,,
LIN4_T08,15:47:00,15:47:00,LIN1F018,16,,,,
LIN4_T08,15:48:00,15:48:00,LIN1F019,17,,,,
LIN4_T08,15:50:00,15:50:00,LIN1F020,18,,,,
LIN4_T08,15:52:00,15:52:00,LIN1F021,19,,,,
LIN4_T08,15:53:00,15:53:00,LIN1F022,20,,,,
LIN4_T08,15:54:00,15:54:00,LIN1F023,21,,,,
LIN4_T08,15:55:00,15:55:00,LIN1F024,22,,,,
LIN4_T08,15:57:00,15:57:00,LIN4F030,23,,,,
LIN4_T08,15:59:00,15:59:00,LIN1F035,24,,,,
LIN4_T08,16:00:00,16:00:00,LIN4F032,25,,,,
LIN4_T09,16:02:00,16:02:00,LIN4F001,1,,,,
LIN4_T09,16:03:00,16:03:00,LIN4F002,2,,,,
LIN4_T09,16:04:00,16:04:00,LIN2F020,3,,,,
LIN4_T09,16:05:00,16:05:00,LIN1F009,4,,,,
LIN4_T09,16:06:00,16:06:00,LIN3F020,5,,,,
LIN4_T09,16:07:00,16:07:00,LIN4F006,6,,,,
LIN4_T09,16:08:00,16:08:00,LIN4F007,7,,,,
LIN4_T09,16:09:00,16:09:00,LIN4F008,8,,,,
LIN4_T09,16:10:00,16:10:00,LIN4F009,9,,,,
LIN4_T09,16:11:00,16:11:00,LIN4F010,10,,,,
LIN4_T09,16:12:00,16:12:00,LIN4F011,11,,,,
LIN4_T09,16:14:00,16:14:00,LIN4F012,12,,,,
LIN4_T09,16:15:00,16:15:00,LIN1F014,13,,,,
LIN4_T09,16:17:00,16:17:00,LIN1F016,14,,,,
LIN4_T09,16:18:00,16:18:00,LIN1F017,15,,,,
LIN4_T09,16:19:00,16:19:00,LIN1F018,16,,,,
LIN4_T09,16:20:00,16:20:00,LIN1F019,17,,,,
LIN4_T09,16:21:00,16:21:00,LIN3F024,18,,,,
LIN4_T09,16:23:00,16:23:00,LIN4F019,19,,,,
LIN4_T09,16:25:00,16:25:00,LIN4F020,20,,,,
LIN4_T09,16:26:00,16:26:00,LIN4F021,21,,,,
LIN4_T09,16:27:00,16:27:00,LIN4F022,22,,,,
LIN4_T09,16:28:00,16:28:00,LIN4F023,23,,,,
LIN4_T09,16:30:00,16:30:00,LIN4F024,24,,,,
LIN4_T09,16:32:00,16:32:00,LIN1F020,25,,,,
LIN4_T09,16:34:00,16:34:00,LIN1F021,26,,,,
LIN4_T09,16:35:00,16:35:00,LIN1F022,27,,,,
LIN4_T09,16:36:00,16:36:00,LIN1F023,28,,,,
LIN4_T09,16:37:00,16:37:00,LIN1F024,29,,,,
LIN4_T09,16:39:00,16:39:00,LIN4F030,30,,,,
LIN4_T09,16:41:00,16:41:00,LIN1F035,31,,,,
LIN4_T09,16:42:00,16:42:00,LIN4F032,32,,,,
LIN4_T10,16:49:00,16:49:00,LIN4F001,1,,,,
LIN4_T10,16:50:00,16:50:00,LIN4F002,2,,,,
LIN4_T10,16:51:00,16:51:00,LIN2F020,3,,,,
LIN4_T10,16:52:00,16:52:00,LIN1F009,4,,,,
LIN4_T10,16:53:00,16:53:00,LIN3F020,5,,,,
LIN4_T10,16:54:00,16:54:00,LIN4F006,6,,,,
LIN4_T10,16:55:00,16:55:00,LIN4F007,7,,,,
LIN4_T10,16:56:00,16:56:00,LIN4F008,8,,,,
LIN4_T10,16:57:00,16:57:00,LIN4F009,9,,,,
LIN4_T10,16:58:00,16:58:00,LIN4F010,10,,,,
LIN4_T10,16:59:00,16:59:00,LIN4F011,11,,,,
LIN4_T10,17:01:00,17:01:00,LIN4F012,12,,,,
LIN4_T10,17:02:00,17:02:00,LIN1F014,13,,,,
LIN4_T10,17:04:00,17:04:00,LIN1F016,14,,,,
LIN4_T10,17:05:00,17:05:00,LIN1F017,15,,,,
LIN4_T10,17:06:00,17:06:00,LIN1F018,16,,,,
LIN4_T10,17:07:00,17:07:00,LIN1F019,17,,,,
LIN4_T10,17:09:00,17:09:00,LIN1F020,18,,,,
LIN4_T10,17:11:00,17:11:00,LIN1F021,19,,,,
LIN4_T10,17:12:00,17:12:00,LIN1F022,20,,,,
LIN4_T10,17:13:00,17:13:00,LIN1F023,21,,,,
LIN4_T10,17:14:00,17:14:00,LIN1F024,22,,,,
LIN4_T10,17:16:00,17:16:00,LIN4F030,23,,,,
LIN4_T10,17:18:00,17:18:00,LIN1F035,24,,,,
LIN4_T10,17:19:00,17:19:00,LIN4F032,25,,,,
LIN4_T11,17:21:00,17:21:00,LIN4F001,1,,,,
LIN4_T11,17:22:00,17:22:00,LIN4F002,2,,,,
LIN4_T11,17:23:00,17:23:00,LIN2F020,3,,,,
LIN4_T11,17:24:00,17:24:00,LIN1F009,4,,,,
LIN4_T11,17:25:00,17:25:00,LIN3F020,5,,,,
LIN4_T11,17:26:00,17:26:00,LIN4F006,6,,,,
LIN4_T11,17:27:00,17:27:00,LIN4F007,7,,,,
LIN4_T11,17:28:00,17:28:00,LIN4F008,8,,,,
LIN4_T11,17:29:00,17:29:00,LIN4F009,9,,,,
LIN4_T11,17:30:00,17:30:00,LIN4F010,10,,,,
LIN4_T11,17:31:00,17:31:00,LIN4F011,11,,,,
LIN4_T11,17:33:00,17:33:00,LIN4F012,12,,,,
LIN4_T11,17:34:00,17:34:00,LIN1F014,13,,,,
LIN4_T11,17:36:00,17:36:00,LIN1F016,14,,,,
LIN4_T11,17:37:00,17:37:00,LIN1F017,15,,,,
LIN4_T11,17:38:00,17:38:00,LIN1F018,16,,,,
LIN4_T11,17:39:00,17:39:00,LIN1F019,17,,,,
LIN4_T11,17:41:00,17:41:00,LIN1F020,18,,,,
LIN4_T11,17:43:00,17:43:00,LIN1F021,19,,,,
LIN4_T11,17:44:00,17:44:00,LIN1F022,20,,,,
LIN4_T11,17:45:00,17:45:00,LIN1F023,21,,,,
LIN4_T11,17:46:00,17:46:00,LIN1F024,22,,,,
LIN4_T11,17:48:00,17:48:00,LIN4F030,23,,,,
LIN4_T11,17:50:00,17:50:00,LIN1F035,24,,,,
LIN4_T11,17:51:00,17:51:00,LIN4F032,25,,,,
LIN4_T12,17:53:00,17:53:00,LIN4F001,1,,,,
LIN4_T12,17:54:00,17:54:00,LIN4F002,2,,,,
LIN4_T12,17:55:00,17:55:00,LIN2F020,3,,,,
LIN4_T12,17:56:00,17:56:00,LIN1F009,4,,,,
LIN4_T12,17:57:00,17:57:00,LIN3F020,5,,,,
LIN4_T12,17:58:00,17:58:00,LIN4F006,6,,,,
LIN4_T12,17:59:00,17:59:00,LIN4F007,7,,,,
LIN4_T12,18:00:00,18:00:00,LIN4F008,8,,,,
LIN4_T12,18:01:00,18:01:00,LIN4F009,9,,,,
LIN4_T12,18:02:00,18:02:00,LIN4F010,10,,,,
LIN4_T12,18:03:00,18:03:00,LIN4F011,11,,,,
LIN4_T12,18:05:00,18:05:00,LIN4F012,12,,,,
LIN4_T12,18:06:00,18:06:00,LIN1F014,13,,,,
LIN4_T12,18:08:00,18:08:00,LIN1F016,14,,,,
LIN4_T12,18:09:00,18:09:00,LIN1F017,15,,,,
LIN4_T12,18:10:00,18:10:00,LIN1F018,16,,,,
LIN4_T12,18:11:00,18:11:00,LIN1F019,17,,,,
LIN4_T12,18:13:00,18:13:00,LIN1F020,18,,,,
LIN4_T12,18:15:00,18:15:00,LIN1F021,19,,,,
LIN4_T12,18:16:00,18:16:00,LIN1F022,20,,,,
LIN4_T12,18:17:00,18:17:00,LIN1F023,21,,,,
LIN4_T12,18:18:00,18:18:00,LIN1F024,22,,,,
LIN4_T12,18:20:00,18:20:00,LIN4F030,23,,,,
LIN4_T12,18:22:00,18:22:00,LIN1F035,24,,,,
LIN4_T12,18:23:00,18:23:00,LIN4F032,25,,,,
LIN4_T13,18:35:00,18:35:00,LIN4F001,1,,,,
LIN4_T13,18:36:00,18:36:00,LIN4F002,2,,,,
LIN4_T13,18:37:00,18:37:00,LIN2F020,3,,,,
LIN4_T13,18:38:00,18:38:00,LIN1F009,4,,,,
LIN4_T13,18:39:00,18:39:00,LIN3F020,5,,,,
LIN4_T13,18:40:00,18:40:00,LIN4F006,6,,,,
LIN4_T13,18:41:00,18:41:00,LIN4F007,7,,,,
LIN4_T13,18:42:00,18:42:00,LIN4F008,8,,,,
LIN4_T13,18:43:00,18:43:00,LIN4F009,9,,,,
LIN4_T13,18:44:00,18:44:00,LIN4F010,10,,,,
LIN4_T13,18:45:00,18:45:00,LIN4F011,11,,,,
LIN4_T13,18:47:00,18:47:00,LIN4F012,12,,,,
LIN4_T13,18:48:00,18:48:00,LIN1F014,13,,,,
LIN4_T13,18:50:00,18:50:00,LIN1F016,14,,,,
LIN4_T13,18:51:00,18:51:00,LIN1F017,15,,,,
LIN4_T13,18:52:00,18:52:00,LIN1F018,16,,,,
LIN4_T13,18:53:00,18:53:00,LIN1F019,17,,,,
LIN4_T13,18:55:00,18:55:00,LIN1F020,18,,,,
LIN4_T13,18:57:00,18:57:00,LIN1F021,19,,,,
LIN4_T13,18:58:00,18:58:00,LIN1F022,20,,,,
LIN4_T13,18:59:00,18:59:00,LIN1F023,21,,,,
LIN4_T13,19:00:00,19:00:00,LIN1F024,22,,,,
LIN4_T13,19:02:00,19:02:00,LIN4F030,23,,,,
LIN4_T13,19:04:00,19:04:00,LIN1F035,24,,,,
LIN4_T13,19:05:00,19:05:00,LIN4F032,25,,,,
LIN4_T14,19:07:00,19:07:00,LIN4F001,1,,,,
LIN4_T14,19:08:00,19:08:00,LIN4F002,2,,,,
LIN4_T14,19:09:00,19:09:00,LIN2F020,3,,,,
LIN4_T14,19:10:00,19:10:00,LIN1F009,4,,,,
LIN4_T14,19:11:00,19:11:00,LIN3F020,5,,,,
LIN4_T14,19:12:00,19:12:00,LIN4F006,6,,,,
LIN4_T14,19:13:00,19:13:00,LIN4F007,7,,,,
LIN4_T14,19:14:00,19:14:00,LIN4F008,8,,,,
LIN4_T14,19:15:00,19:15:00,LIN4F009,9,,,,
LIN4_T14,19:16:00,19:16:00,LIN4F010,10,,,,
LIN4_T14,19:17:00,19:17:00,LIN4F011,11,,,,
LIN4_T14,19:19:00,19:19:00,LIN4F012,12,,,,
LIN4_T14,19:20:00,19:20:00,LIN1F014,13,,,,
LIN4_T14,19:22:00,19:22:00,LIN1F016,14,,,,
LIN4_T14,19:23:00,19:23:00,LIN1F017,15,,,,
LIN4_T14,19:24:00,19:24:00,LIN1F018,16,,,,
LIN4_T14,19:25:00,19:25:00,LIN1F019,17,,,,
LIN4_T14,19:27:00,19:27:00,LIN1F020,18,,,,
LIN4_T14,19:29:00,19:29:00,LIN1F021,19,,,,
LIN4_T14,19:30:00,19:30:00,LIN1F022,20,,,,
LIN4_T14,19:31:00,19:31:00,LIN1F023,21,,,,
LIN4_T14,19:32:00,19:32:00,LIN1F024,22,,,,
LIN4_T14,19:34:00,19:34:00,LIN4F030,23,,,,
LIN4_T14,19:36:00,19:36:00,LIN1F035,24,,,,
LIN4_T14,19:37:00,19:37:00,LIN4F032,25,,,,
LIN4_T15,19:39:00,19:39:00,LIN4F001,1,,,,
LIN4_T15,19:40:00,19:40:00,LIN4F002,2,,,,
LIN4_T15,19:41:00,19:41:00,LIN2F020,3,,,,
LIN4_T15,19:42:00,19:42:00,LIN1F009,4,,,,
LIN4_T15,19:43:00,19:43:00,LIN3F020,5,,,,
LIN4_T15,19:44:00,19:44:00,LIN4F006,6,,,,
LIN4_T15,19:45:00,19:45:00,LIN4F007,7,,,,
LIN4_T15,19:46:00,19:46:00,LIN4F008,8,,,,
LIN4_T15,19:47:00,19:47:00,LIN4F009,9,,,,
LIN4_T15,19:48:00,19:48:00,LIN4F010,10,,,,
LIN4_T15,19:49:00,19:49:00,LIN4F011,11,,,,
LIN4_T15,19:51:00,19:51:00,LIN4F012,12,,,,
LIN4_T15,19:52:00,19:52:00,LIN1F014,13,,,,
LIN4_T15,19:54:00,19:54:00,LIN1F016,14,,,,
LIN4_T15,19:55:00,19:55:00,LIN1F017,15,,,,
LIN4_T15,19:56:00,19:56:00,LIN1F018,16,,,,
LIN4_T15,19:57:00,19:57:00,LIN1F019,17,,,,
LIN4_T15,19:59:00,19:59:00,LIN1F020,18,,,,
LIN4_T15,20:01:00,20:01:00,LIN1F021,19,,,,
LIN4_T15,20:02:00,20:02:00,LIN1F022,20,,,,
LIN4_T15,20:03:00,20:03:00,LIN1F023,21,,,,
LIN4_T15,20:04:00,20:04:00,LIN1F024,22,,,,
LIN4_T15,20:06:00,20:06:00,LIN4F030,23,,,,
LIN4_T15,20:08:00,20:08:00,LIN1F035,24,,,,
LIN4_T15,20:09:00,20:09:00,LIN4F032,25,,,,
LIN4_T16,20:21:00,20:21:00,LIN4F001,1,,,,
LIN4_T16,20:22:00,20:22:00,LIN4F002,2,,,,
LIN4_T16,20:23:00,20:23:00,LIN2F020,3,,,,
LIN4_T16,20:24:00,20:24:00,LIN1F009,4,,,,
LIN4_T16,20:25:00,20:25:00,LIN3F020,5,,,,
LIN4_T16,20:26:00,20:26:00,LIN4F006,6,,,,
LIN4_T16,20:27:00,20:27:00,LIN4F007,7,,,,
LIN4_T16,20:28:00,20:28:00,LIN4F008,8,,,,
LIN4_T16,20:29:00,20:29:00,LIN4F009,9,,,,
LIN4_T16,20:30:00,20:30:00,LIN4F010,10,,,,
LIN4_T16,20:31:00,20:31:00,LIN4F011,11,,,,
LIN4_T16,20:33:00,20:33:00,LIN4F012,12,,,,
LIN4_T16,20:34:00,20:34:00,LIN1F014,13,,,,
LIN4_T16,20:36:00,20:36:00,LIN1F016,14,,,,
LIN4_T16,20:37:00,20:37:00,LIN1F017,15,,,,
LIN4_T16,20:38:00,20:38:00,LIN1F018,16,,,,
LIN4_T16,20:39:00,20:39:00,LIN1F019,17,,,,
LIN4_T16,20:40:00,20:40:00,LIN3F024,18,,,,
LIN4_T16,20:42:00,20:42:00,LIN4F019,19,,,,
LIN4_T16,20:44:00,20:44:00,LIN4F020,20,,,,
LIN4_T16,20:45:00,20:45:00,LIN4F021,21,,,,
LIN4_T16,20:46:00,20:46:00,LIN4F022,22,,,,
LIN4_T16,20:47:00,20:47:00,LIN4F023,23,,,,
LIN4_T16,20:49:00,20:49:00,LIN4F024,24,,,,
LIN4_T16,20:51:00,20:51:00,LIN1F020,25,,,,
LIN4_T16,20:53:00,20:53:00,LIN1F021,26,,,,
LIN4_T16,20:54:00,20:54:00,LIN1F022,27,,,,
LIN4_T16,20:55:00,20:55:00,LIN1F023,28,,,,
LIN4_T16,20:56:00,20:56:00,LIN1F024,29,,,,
LIN4_T16,20:58:00,20:58:00,LIN4F030,30,,,,
LIN4_T16,21:00:00,21:00:00,LIN1F035,31,,,,
LIN4_T16,21:01:00,21:01:00,LIN4F032,32,,,,
LIN4_T17,21:03:00,21:03:00,LIN4F001,1,,,,
LIN4_T17,21:04:00,21:04:00,LIN4F002,2,,,,
LIN4_T17,21:05:00,21:05:00,LIN2F020,3,,,,
LIN4_T17,21:06:00,21:06:00,LIN1F009,4,,,,
LIN4_T17,21:07:00,21:07:00,LIN3F020,5,,,,
LIN4_T17,21:08:00,21:08:00,LIN4F006,6,,,,
LIN4_T17,21:09:00,21:09:00,LIN4F007,7,,,,
LIN4_T17,21:10:00,21:10:00,LIN4F008,8,,,,
LIN4_T17,21:11:00,21:11:00,LIN4F009,9,,,,
LIN4_T17,21:12:00,21:12:00,LIN4F010,10,,,,
LIN4_T17,21:13:00,21:13:00,LIN4F011,11,,,,
LIN4_T17,21:15:00,21:15:00,LIN4F012,12,,,,
LIN4_T17,21:16:00,21:16:00,LIN1F014,13,,,,
LIN4_T17,21:18:00,21:18:00,LIN1F016,14,,,,
LIN4_T17,21:19:00,21:19:00,LIN1F017,15,,,,
LIN4_T17,21:20:00,21:20:00,LIN1F018,16,,,,
LIN4_T17,21:21:00,21:21:00,LIN1F019,17,,,,
LIN5_T01,06:48:00,06:48:00,LIN5F001,1,,,,
LIN5_T01,06:50:00,06:50:00,LIN5F002,2,,,,
LIN5_T01,06:52:00,06:52:00,LIN5F003,3,,,,
LIN5_T01,06:53:00,06:53:00,LIN5F004,4,,,,
LIN5_T01,06:54:00,06:54:00,LIN5F005,5,,,,
LIN5_T01,06:55:00,06:55:00,LIN5F006,6,,,,
LIN5_T01,06:56:00,06:56:00,LIN5F007,7,,,,
LIN5_T01,06:57:00,06:57:00,LIN5F008,8,,,,
LIN5_T01,06:58:00,06:58:00,LIN5F009,9,,,,
LIN5_T01,06:59:00,06:59:00,LIN5F010,10,,,,
LIN5_T01,07:00:00,07:00:00,LIN5F011,11,,,,
LIN5_T01,07:06:00,07:06:00,LIN1F001,12,,,,
LIN5_T01,07:08:00,07:08:00,LIN1F003,13,,,,
LIN5_T01,07:12:00,07:12:00,LIN3F005,14,,,,
LIN5_T01,07:13:00,07:13:00,LIN3F006,15,,,,
LIN5_T01,07:15:00,07:15:00,LIN5F016,16,,,,
LIN5_T01,07:16:00,07:16:00,LIN3F009,17,,,,
LIN5_T01,07:20:00,07:20:00,LIN1F022,18,,,,
LIN5_T01,07:26:00,07:26:00,LIN3F038,19,,,,
LIN5_T01,07:28:00,07:28:00,LIN3F040,20,,,,
LIN5_T01,07:35:00,07:35:00,LIN1F041,21,,,,
LIN5_T01,07:37:00,07:37:00,LIN5F023,22,,,,
LIN5_T01,07:43:00,07:43:00,LIN5F026,23,,,,
LIN5_T01,07:44:00,07:44:00,LIN5F027,24,,,,
LIN5_T01,07:45:00,07:45:00,LIN5F028,25,,,,
LIN5_T01,07:47:00,07:47:00,LIN5F029,26,,,,
LIN5_T02,07:49:00,07:49:00,LIN5F001,1,,,,
LIN5_T02,07:51:00,07:51:00,LIN5F002,2,,,,
LIN5_T02,07:53:00,07:53:00,LIN5F003,3,,,,
LIN5_T02,07:54:00,07:54:00,LIN5F004,4,,,,
LIN5_T02,07:55:00,07:55:00,LIN5F005,5,,,,
LIN5_T02,07:56:00,07:56:00,LIN5F006,6,,,,
LIN5_T02,07:57:00,07:57:00,LIN5F007,7,,,,
LIN5_T02,07:58:00,07:58:00,LIN5F008,8,,,,
LIN5_T02,07:59:00,07:59:00,LIN5F009,9,,,,
LIN5_T02,08:00:00,08:00:00,LIN5F010,10,,,,
LIN5_T02,08:01:00,08:01:00,LIN5F011,11,,,,
LIN5_T02,08:07:00,08:07:00,LIN1F001,12,,,,
LIN5_T02,08:09:00,08:09:00,LIN1F003,13,,,,
LIN5_T02,08:13:00,08:13:00,LIN3F005,14,,,,
LIN5_T02,08:14:00,08:14:00,LIN3F006,15,,,,
LIN5_T02,08:16:00,08:16:00,LIN5F016,16,,,,
LIN5_T02,08:17:00,08:17:00,LIN3F009,17,,,,
LIN5_T02,08:21:00,08:21:00,LIN1F022,18,,,,
LIN5_T02,08:25:00,08:25:00,LIN3F038,19,,,,
LIN5_T02,08:27:00,08:27:00,LIN3F040,20,,,,
LIN5_T02,08:34:00,08:34:00,LIN1F041,21,,,,
LIN5_T02,08:36:00,08:36:00,LIN5F023,22,,,,
LIN5_T02,08:42:00,08:42:00,LIN5F026,23,,,,
LIN5_T02,08:43:00,08:43:00,LIN5F027,24,,,,
LIN5_T02,08:44:00,08:44:00,LIN5F028,25,,,,
LIN5_T02,08:46:00,08:46:00,LIN5F029,26,,,,
LIN5_T03,15:09:00,15:09:00,LIN5F001,1,,,,
LIN5_T03,15:11:00,15:11:00,LIN5F002,2,,,,
LIN5_T03,15:13:00,15:13:00,LIN5F003,3,,,,
LIN5_T03,15:14:00,15:14:00,LIN5F004,4,,,,
LIN5_T03,15:15:00,15:15:00,LIN5F005,5,,,,
LIN5_T03,15:16:00,15:16:00,LIN5F006,6,,,,
LIN5_T03,15:17:00,15:17:00,LIN5F007,7,,,,
LIN5_T03,15:18:00,15:18:00,LIN5F008,8,,,,
LIN5_T03,15:19:00,15:19:00,LIN5F009,9,,,,
LIN5_T03,15:20:00,15:20:00,LIN5F010,10,,,,
LIN5_T03,15:21:00,15:21:00,LIN5F011,11,,,,
LIN5_T03,15:27:00,15:27:00,LIN1F001,12,,,,
LIN5_T03,15:29:00,15:29:00,LIN1F003,13,,,,
LIN5_T03,15:33:00,15:33:00,LIN3F005,14,,,,
LIN5_T03,15:34:00,15:34:00,LIN3F006,15,,,,
LIN5_T03,15:36:00,15:36:00,LIN5F016,16,,,,
LIN5_T03,15:37:00,15:37:00,LIN3F009,17,,,,
LIN5_T03,15:41:00,15:41:00,LIN1F022,18,,,,
LIN5_T03,15:45:00,15:45:00,LIN3F038,19,,,,
LIN5_T03,15:47:00,15:47:00,LIN3F040,20,,,,
LIN5_T03,15:54:00,15:54:00,LIN1F041,21,,,,
LIN5_T03,15:56:00,15:56:00,LIN5F023,22,,,,
LIN5_T03,16:02:00,16:02:00,LIN5F026,23,,,,
LIN5_T03,16:03:00,16:03:00,LIN5F027,24,,,,
LIN5_T03,16:04:00,16:04:00,LIN5F028,25,,,,
LIN5_T03,16:06:00,16:06:00,LIN5F029,26,,,,
LIN5_T04,16:10:00,16:10:00,LIN5F001,1,,,,
LIN5_T04,16:12:00,16:12:00,LIN5F002,2,,,,
LIN5_T04,16:14:00,16:14:00,LIN5F003,3,,,,
LIN5_T04,16:15:00,16:15:00,LIN5F004,4,,,,
LIN5_T04,16:16:00,16:16:00,LIN5F005,5,,,,
LIN5_T04,16:17:00,16:17:00,LIN5F006,6,,,,
LIN5_T04,16:18:00,16:18:00,LIN5F007,7,,,,
LIN5_T04,16:19:00,16:19:00,LIN5F008,8,,,,
LIN5_T04,16:20:00,16:20:00,LIN5F009,9,,,,
LIN5_T04,16:21:00,16:21:00,LIN5F010,10,,,,
LIN5_T04,16:22:00,16:22:00,LIN5F011,11,,,,
LIN5_T04,16:28:00,16:28:00,LIN1F001,12,,,,
LIN5_T04,16:30:00,16:30:00,LIN1F003,13,,,,
LIN5_T04,16:34:00,16:34:00,LIN3F005,14,,,,
LIN5_T04,16:35:00,16:35:00,LIN3F006,15,,,,
LIN5_T04,16:37:00,16:37:00,LIN5F016,16,,,,
LIN5_T04,16:38:00,16:38:00,LIN3F009,17,,,,
LIN5_T04,16:42:00,16:42:00,LIN1F022,18,,,,
LIN5_T04,16:46:00,16:46:00,LIN3F038,19,,,,
LIN5_T04,16:48:00,16:48:00,LIN3F040,20,,,,
LIN5_T04,16:55:00,16:55:00,LIN1F041,21,,,,
LIN5_T04,16:57:00,16:57:00,LIN5F023,22,,,,
LIN5_T04,17:03:00,17:03:00,LIN5F026,23,,,,
LIN5_T04,17:04:00,17:04:00,LIN5F027,24,,,,
LIN5_T04,17:05:00,17:05:00,LIN5F028,25,,,,
LIN5_T04,17:07:00,17:07:00,LIN5F029,26,,,,
LIN5_T05,17:11:00,17:11:00,LIN5F001,1,,,,
LIN5_T05,17:13:00,17:13:00,LIN5F002,2,,,,
LIN5_T05,17:15:00,17:15:00,LIN5F003,3,,,,
LIN5_T05,17:16:00,17:16:00,LIN5F004,4,,,,
LIN5_T05,17:17:00,17:17:00,LIN5F005,5,,,,
LIN5_T05,17:18:00,17:18:00,LIN5F006,6,,,,
LIN5_T05,17:19:00,17:19:00,LIN5F007,7,,,,
LIN5_T05,17:20:00,17:20:00,LIN5F008,8,,,,
LIN5_T05,17:21:00,17:21:00,LIN5F009,9,,,,
LIN5_T05,17:22:00,17:22:00,LIN5F010,10,,,,
LIN5_T05,17:23:00,17:23:00,LIN5F011,11,,,,
LIN5_T05,17:29:00,17:29:00,LIN1F001,12,,,,
LIN5_T05,17:31:00,17:31:00,LIN1F003,13,,,,
LIN5_T05,17:35:00,17:35:00,LIN3F005,14,,,,
LIN5_T05,17:36:00,17:36:00,LIN3F006,15,,,,
LIN5_T05,17:38:00,17:38:00,LIN5F016,16,,,,
LIN5_T05,17:39:00,17:39:00,LIN3F009,17,,,,
LIN5_T05,17:43:00,17:43:00,LIN1F022,18,,,,
LIN5_T05,17:47:00,17:47:00,LIN3F038,19,,,,
LIN5_T05,17:49:00,17:49:00,LIN3F040,20,,,,
LIN5_T05,17:56:00,17:56:00,LIN1F041,21,,,,
LIN5_T05,17:58:00,17:58:00,LIN5F023,22,,,,
LIN5_T05,18:04:00,18:04:00,LIN5F026,23,,,,
LIN5_T05,18:05:00,18:05:00,LIN5F027,24,,,,
LIN5_T05,18:06:00,18:06:00,LIN5F028,25,,,,
LIN5_T05,18:08:00,18:08:00,LIN5F029,26,,,,
LIN5_T06,18:12:00,18:12:00,LIN5F001,1,,,,
LIN5_T06,18:14:00,18:14:00,LIN5F002,2,,,,
LIN5_T06,18:16:00,18:16:00,LIN5F003,3,,,,
LIN5_T06,18:17:00,18:17:00,LIN5F004,4,,,,
LIN5_T06,18:18:00,18:18:00,LIN5F005,5,,,,
LIN5_T06,18:19:00,18:19:00,LIN5F006,6,,,,
LIN5_T06,18:20:00,18:20:00,LIN5F007,7,,,,
LIN5_T06,18:21:00,18:21:00,LIN5F008,8,,,,
LIN5_T06,18:22:00,18:22:00,LIN5F009,9,,,,
LIN5_T06,18:23:00,18:23:00,LIN5F010,10,,,,
LIN5_T06,18:24:00,18:24:00,LIN5F011,11,,,,
LIN5_T06,18:30:00,18:30:00,LIN1F001,12,,,,
LIN5_T06,18:32:00,18:32:00,LIN1F003,13,,,,
LIN5_T06,18:36:00,18:36:00,LIN3F005,14,,,,
LIN5_T06,18:37:00,18:37:00,LIN3F006,15,,,,
LIN5_T06,18:39:00,18:39:00,LIN5F016,16,,,,
LIN5_T06,18:40:00,18:40:00,LIN3F009,17,,,,
LIN5_T06,18:44:00,18:44:00,LIN1F022,18,,,,
LIN5_T06,18:48:00,18:48:00,LIN3F038,19,,,,
LIN5_T06,18:50:00,18:50:00,LIN3F040,20,,,,
LIN5_T06,18:57:00,18:57:00,LIN1F041,21,,,,
LIN5_T06,18:59:00,18:59:00,LIN5F023,22,,,,
LIN5_T06,19:05:00,19:05:00,LIN5F026,23,,,,
LIN5_T06,19:06:00,19:06:00,LIN5F027,24,,,,
LIN5_T06,19:07:00,19:07:00,LIN5F028,25,,,,
LIN5_T06,19:09:00,19:09:00,LIN5F029,26,,,,
LIN5_T07,19:13:00,19:13:00,LIN5F001,1,,,,
LIN5_T07,19:15:00,19:15:00,LIN5F002,2,,,,
LIN5_T07,19:17:00,19:17:00,LIN5F003,3,,,,
LIN5_T07,19:18:00,19:18:00,LIN5F004,4,,,,
LIN5_T07,19:19:00,19:19:00,LIN5F005,5,,,,
LIN5_T07,19:20:00,19:20:00,LIN5F006,6,,,,
LIN5_T07,19:21:00,19:21:00,LIN5F007,7,,,,
LIN5_T07,19:22:00,19:22:00,LIN5F008,8,,,,
LIN5_T07,19:23:00,19:23:00,LIN5F009,9,,,,
LIN5_T07,19:24:00,19:24:00,LIN5F010,10,,,,
LIN5_T07,19:25:00,19:25:00,LIN5F011,11,,,,
LIN5_T07,19:31:00,19:31:00,LIN1F001,12,,,,
LIN5_T07,19:33:00,19:33:00,LIN1F003,13,,,,
LIN5_T07,19:37:00,19:37:00,LIN3F005,14,,,,
LIN5_T07,19:38:00,19:38:00,LIN3F006,15,,,,
LIN5_T07,19:40:00,19:40:00,LIN5F016,16,,,,
LIN5_T07,19:41:00,19:41:00,LIN3F009,17,,,,
LIN5_T07,19:45:00,19:45:00,LIN1F022,18,,,,
LIN5_T07,19:49:00,19:49:00,LIN3F038,19,,,,
LIN5_T07,19:51:00,19:51:00,LIN3F040,20,,,,
LIN5_T07,19:58:00,19:58:00,LIN1F041,21,,,,
LIN5_T07,20:00:00,20:00:00,LIN5F023,22,,,,
LIN5_T07,20:06:00,20:06:00,LIN5F026,23,,,,
LIN5_T07,20:07:00,20:07:00,LIN5F027,24,,,,
LIN5_T07,20:08:00,20:08:00,LIN5F028,25,,,,
LIN5_T07,20:10:00,20:10:00,LIN5F029,26,,,,
LIN5_T08,20:14:00,20:14:00,LIN5F001,1,,,,
LIN5_T08,20:16:00,20:16:00,LIN5F002,2,,,,
LIN5_T08,20:18:00,20:18:00,LIN5F003,3,,,,
LIN5_T08,20:19:00,20:19:00,LIN5F004,4,,,,
LIN5_T08,20:20:00,20:20:00,LIN5F005,5,,,,
LIN5_T08,20:21:00,20:21:00,LIN5F006,6,,,,
LIN5_T08,20:22:00,20:22:00,LIN5F007,7,,,,
LIN5_T08,20:23:00,20:23:00,LIN5F008,8,,,,
LIN5_T08,20:24:00,20:24:00,LIN5F009,9,,,,
LIN5_T08,20:25:00,20:25:00,LIN5F010,10,,,,
LIN5_T08,20:26:00,20:26:00,LIN5F011,11,,,,
LIN5_T08,20:32:00,20:32:00,LIN1F001,12,,,,
LIN5_T08,20:34:00,20:34:00,LIN1F003,13,,,,
LIN5_T08,20:38:00,20:38:00,LIN3F005,14,,,,
LIN5_T08,20:39:00,20:39:00,LIN3F006,15,,,,
LIN5_T08,20:41:00,20:41:00,LIN5F016,16,,,,
LIN5_T08,20:42:00,20:42:00,LIN3F009,17,,,,
LIN5_T08,20:46:00,20:46:00,LIN1F022,18,,,,
LIN5_T08,20:50:00,20:50:00,LIN3F038,19,,,,
LIN5_T08,20:52:00,20:52:00,LIN3F040,20,,,,
LIN5_T08,20:59:00,20:59:00,LIN1F041,21,,,,
LIN5_T08,21:01:00,21:01:00,LIN5F023,22,,,,
LIN5_T08,21:15:00,21:15:00,LIN5F024,23,,,,
LIN5_T08,21:17:00,21:17:00,LIN5F025,24,,,,
LIN5_T08,21:23:00,21:23:00,LIN5F026,25,,,,
LIN5_T08,21:24:00,21:24:00,LIN5F027,26,,,,
LIN5_T08,21:25:00,21:25:00,LIN5F028,27,,,,
LIN5_T08,21:27:00,21:27:00,LIN5F029,28,,,,
LIN5_T09,21:31:00,21:31:00,LIN5F001,1,,,,
LIN5_T09,21:33:00,21:33:00,LIN5F002,2,,,,
LIN5_T09,21:35:00,21:35:00,LIN5F003,3,,,,
LIN5_T09,21:36:00,21:36:00,LIN5F004,4,,,,
LIN5_T09,21:37:00,21:37:00,LIN5F005,5,,,,
LIN5_T09,21:38:00,21:38:00,LIN5F006,6,,,,
LIN5_T09,21:39:00,21:39:00,LIN5F007,7,,,,
LIN5_T09,21:40:00,21:40:00,LIN5F008,8,,,,
LIN5_T09,21:41:00,21:41:00,LIN5F009,9,,,,
LIN5_T09,21:42:00,21:42:00,LIN5F010,10,,,,
LIN5_T09,21:43:00,21:43:00,LIN5F011,11,,,,
LIN5_T09,21:49:00,21:49:00,LIN1F001,12,,,,
LIN5_T09,21:51:00,21:51:00,LIN1F003,13,,,,
LIN5_T09,21:55:00,21:55:00,LIN3F005,14,,,,
LIN5_T09,21:56:00,21:56:00,LIN3F006,15,,,,
LIN5_T09,21:58:00,21:58:00,LIN5F016,16,,,,
LIN5_T09,21:59:00,21:59:00,LIN3F009,17,,,,
LIN5SCO_T01,08:02:00,08:02:00,LIN1F022,1,,,,
LIN5SCO_T01,08:04:00,08:04:00,LIN3F038,2,,,,
LIN5SCO_T01,08:06:00,08:06:00,LIN3F040,3,,,,
LIN5SCO_T01,08:13:00,08:13:00,LIN1F041,4,,,,
LIN5SCO_T01,08:14:00,08:14:00,LIN5F023,5,,,,
LIN5SCO_T01,08:21:00,08:21:00,LIN5F026,6,,,,
LIN5SCO_T01,08:22:00,08:22:00,LIN5F027,7,,,,
LIN5SCO_T01,08:23:00,08:23:00,LIN5F028,8,,,,
LIN5SCO_T01,08:25:00,08:25:00,LIN5F029,9,,,,
LIN5SCO_T01,08:27:00,08:27:00,LIN5F001,10,,,,
